-- STAR_TABLE
INSERT INTO PRIDEPROT.STAR (STAR_ID, STAR_COUNT,STAR_TYPE)
VALUES (1, 0.0, N'NONE');

INSERT INTO PRIDEPROT.STAR (STAR_ID, STAR_COUNT,STAR_TYPE)
  VALUES (2, 1.0, N'BRONZE');

INSERT INTO PRIDEPROT.STAR (STAR_ID, STAR_COUNT,STAR_TYPE)
  VALUES (3, 1.0, N'SILVER');

INSERT INTO PRIDEPROT.STAR (STAR_ID, STAR_COUNT,STAR_TYPE)
  VALUES (4, 1.0, N'GOLD');

INSERT INTO PRIDEPROT.STAR (STAR_ID, STAR_COUNT,STAR_TYPE)
  VALUES (5, 2.0, N'BRONZE');

INSERT INTO PRIDEPROT.STAR (STAR_ID, STAR_COUNT,STAR_TYPE)
  VALUES (6, 2.0, N'SILVER');

INSERT INTO PRIDEPROT.STAR (STAR_ID, STAR_COUNT,STAR_TYPE)
  VALUES (7, 2.0, N'GOLD');

INSERT INTO PRIDEPROT.STAR (STAR_ID, STAR_COUNT,STAR_TYPE)
  VALUES (8, 3.0, N'BRONZE');

INSERT INTO PRIDEPROT.STAR (STAR_ID, STAR_COUNT,STAR_TYPE)
  VALUES (9, 3.0, N'SILVER');

INSERT INTO PRIDEPROT.STAR (STAR_ID, STAR_COUNT,STAR_TYPE)
  VALUES (10, 3.0, N'GOLD');


-- Q_METHOD_TABLE
INSERT INTO PRIDEPROT.Q_METHOD (Q_METHOD_ID, NAME, DESCRIPTION)
  VALUES (1, N'default', N'Default value to initialize the database');


-- SCORE_TABLE
-- None
INSERT INTO PRIDEPROT.SCORE (SCORE_ID, Q_METHOD_ID, STAR_ID, VALUE)
  VALUES (1, 1.0, 1.0, 0.0);

-- None
INSERT INTO PRIDEPROT.SCORE (SCORE_ID, Q_METHOD_ID, STAR_ID, VALUE)
  VALUES (2, 1.0, 5.0, 3.0);

-- None
INSERT INTO PRIDEPROT.SCORE (SCORE_ID, Q_METHOD_ID, STAR_ID, VALUE)
  VALUES (3, 1.0, 1.0, 5.0);

-- Silver
INSERT INTO PRIDEPROT.SCORE (SCORE_ID, Q_METHOD_ID, STAR_ID, VALUE)
  VALUES (4, 1.0, 9.0, 3.0);

-- Gold
INSERT INTO PRIDEPROT.SCORE (SCORE_ID, Q_METHOD_ID, STAR_ID, VALUE)
  VALUES (5, 1.0, 10.0, 3.0);

-- Silver
INSERT INTO PRIDEPROT.SCORE (SCORE_ID, Q_METHOD_ID, STAR_ID, VALUE)
  VALUES (6, 1.0, 3.0, 1.0);

-- Gold
INSERT INTO PRIDEPROT.SCORE (SCORE_ID, Q_METHOD_ID, STAR_ID, VALUE)
  VALUES (7, 1.0, 7.0, 2.5);

-- Gold
INSERT INTO PRIDEPROT.SCORE (SCORE_ID, Q_METHOD_ID, STAR_ID, VALUE)
  VALUES (8, 1.0, 7.0, 1.0);


-- PEPTIDE_TABLE (30 SYMBOLIC ONES)
INSERT INTO PRIDEPROT.PEPTIDE (PEPTIDE_ID, SEQUENCE, REPRESENTATION, DESCRIPTION, SCORE_ID, SYMBOLIC, TAXID)
  VALUES (1, N'PPCEDEIDEFLK', N'[PPCEDEIDEFLK|9606]', N'', 1.0, N'TRUE', 9606.0);

INSERT INTO PRIDEPROT.PEPTIDE (PEPTIDE_ID, SEQUENCE, REPRESENTATION, DESCRIPTION, SCORE_ID, SYMBOLIC, TAXID)
  VALUES (2, N'PDELKVTVKLK', N'[PDELKVTVKLK|9606]', N'', 1.0, N'TRUE', 9606.0);

INSERT INTO PRIDEPROT.PEPTIDE (PEPTIDE_ID, SEQUENCE, REPRESENTATION, DESCRIPTION, SCORE_ID, SYMBOLIC, TAXID)
  VALUES (3, N'LEETFPAYLQEAFFGK', N'[LEETFPAYLQEAFFGK|9606]', N'', 1.0, N'TRUE', 9606.0);

INSERT INTO PRIDEPROT.PEPTIDE (PEPTIDE_ID, SEQUENCE, REPRESENTATION, DESCRIPTION, SCORE_ID, SYMBOLIC, TAXID)
  VALUES (4, N'HCGATSAGLR', N'[HCGATSAGLR|9606]', N'', 1.0, N'TRUE', 9606.0);

INSERT INTO PRIDEPROT.PEPTIDE (PEPTIDE_ID, SEQUENCE, REPRESENTATION, DESCRIPTION, SCORE_ID, SYMBOLIC, TAXID)
  VALUES (5, N'SSSLLNQKPEGSICSEDDCTK', N'[SSSLLNQKPEGSICSEDDCTK|9606]', N'', 1.0, N'TRUE', 9606.0);

INSERT INTO PRIDEPROT.PEPTIDE (PEPTIDE_ID, SEQUENCE, REPRESENTATION, DESCRIPTION, SCORE_ID, SYMBOLIC, TAXID)
  VALUES (6, N'LEKAETESCPGQEEPK', N'[LEKAETESCPGQEEPK|9606]', N'', 1.0, N'TRUE', 9606.0);

INSERT INTO PRIDEPROT.PEPTIDE (PEPTIDE_ID, SEQUENCE, REPRESENTATION, DESCRIPTION, SCORE_ID, SYMBOLIC, TAXID)
  VALUES (7, N'DIDDNSNGTYEK', N'[DIDDNSNGTYEK|9606]', N'', 1.0, N'TRUE', 9606.0);

INSERT INTO PRIDEPROT.PEPTIDE (PEPTIDE_ID, SEQUENCE, REPRESENTATION, DESCRIPTION, SCORE_ID, SYMBOLIC, TAXID)
  VALUES (8, N'SLGLSRSPVVSEQTAK', N'[SLGLSRSPVVSEQTAK|9606]', N'', 1.0, N'TRUE', 9606.0);

INSERT INTO PRIDEPROT.PEPTIDE (PEPTIDE_ID, SEQUENCE, REPRESENTATION, DESCRIPTION, SCORE_ID, SYMBOLIC, TAXID)
  VALUES (9, N'WCVWCRHCGATSAGLR', N'[WCVWCRHCGATSAGLR|9606]', N'', 1.0, N'TRUE', 9606.0);

INSERT INTO PRIDEPROT.PEPTIDE (PEPTIDE_ID, SEQUENCE, REPRESENTATION, DESCRIPTION, SCORE_ID, SYMBOLIC, TAXID)
  VALUES (10, N'PTTVDPYSQQPQTPRPSTQTDLFVTPVTNQR', N'[PTTVDPYSQQPQTPRPSTQTDLFVTPVTNQR|9606]', N'', 1.0, N'TRUE', 9606.0);

INSERT INTO PRIDEPROT.PEPTIDE (PEPTIDE_ID, SEQUENCE, REPRESENTATION, DESCRIPTION, SCORE_ID, SYMBOLIC, TAXID)
  VALUES (11, N'VLDNAMNSNVTVVSR', N'[VLDNAMNSNVTVVSR|9606]', N'', 1.0, N'TRUE', 9606.0);

INSERT INTO PRIDEPROT.PEPTIDE (PEPTIDE_ID, SEQUENCE, REPRESENTATION, DESCRIPTION, SCORE_ID, SYMBOLIC, TAXID)
  VALUES (12, N'LPNSDFSQATPNQQTYANSEVDK', N'[LPNSDFSQATPNQQTYANSEVDK|9606]', N'', 1.0, N'TRUE', 9606.0);

INSERT INTO PRIDEPROT.PEPTIDE (PEPTIDE_ID, SEQUENCE, REPRESENTATION, DESCRIPTION, SCORE_ID, SYMBOLIC, TAXID)
  VALUES (13, N'SIKLSSETESSFSSSADISK', N'[SIKLSSETESSFSSSADISK|9606]', N'', 1.0, N'TRUE', 9606.0);

INSERT INTO PRIDEPROT.PEPTIDE (PEPTIDE_ID, SEQUENCE, REPRESENTATION, DESCRIPTION, SCORE_ID, SYMBOLIC, TAXID)
  VALUES (14, N'ITPGFILPWRNQPSNKK', N'[ITPGFILPWRNQPSNKK|9606]', N'', 1.0, N'TRUE', 9606.0);

INSERT INTO PRIDEPROT.PEPTIDE (PEPTIDE_ID, SEQUENCE, REPRESENTATION, DESCRIPTION, SCORE_ID, SYMBOLIC, TAXID)
  VALUES (15, N'QNPAEGLQTLGAQMQGGFGCGNQLPK', N'[QNPAEGLQTLGAQMQGGFGCGNQLPK|9606]', N'', 1.0, N'TRUE', 9606.0);

INSERT INTO PRIDEPROT.PEPTIDE (PEPTIDE_ID, SEQUENCE, REPRESENTATION, DESCRIPTION, SCORE_ID, SYMBOLIC, TAXID)
  VALUES (16, N'PLSEEQLDGILSPELDKMVTDGAILGK', N'[PLSEEQLDGILSPELDKMVTDGAILGK|9606]', N'', 1.0, N'TRUE', 9606.0);

INSERT INTO PRIDEPROT.PEPTIDE (PEPTIDE_ID, SEQUENCE, REPRESENTATION, DESCRIPTION, SCORE_ID, SYMBOLIC, TAXID)
  VALUES (17, N'APYVQKAR', N'[APYVQKAR|9606]', N'', 1.0, N'TRUE', 9606.0);

INSERT INTO PRIDEPROT.PEPTIDE (PEPTIDE_ID, SEQUENCE, REPRESENTATION, DESCRIPTION, SCORE_ID, SYMBOLIC, TAXID)
  VALUES (18, N'MANGFATTEELAGK', N'[MANGFATTEELAGK|9606]', N'', 1.0, N'TRUE', 9606.0);

INSERT INTO PRIDEPROT.PEPTIDE (PEPTIDE_ID, SEQUENCE, REPRESENTATION, DESCRIPTION, SCORE_ID, SYMBOLIC, TAXID)
  VALUES (19, N'INPGLEYRQHLLLRGPPPGSANPPR', N'[INPGLEYRQHLLLRGPPPGSANPPR|9606]', N'', 1.0, N'TRUE', 9606.0);

INSERT INTO PRIDEPROT.PEPTIDE (PEPTIDE_ID, SEQUENCE, REPRESENTATION, DESCRIPTION, SCORE_ID, SYMBOLIC, TAXID)
  VALUES (20, N'PVLMPNQDPFLQAAQNRGPALPGPLVR', N'[PVLMPNQDPFLQAAQNRGPALPGPLVR|9606]', N'', 1.0, N'TRUE', 9606.0);

INSERT INTO PRIDEPROT.PEPTIDE (PEPTIDE_ID, SEQUENCE, REPRESENTATION, DESCRIPTION, SCORE_ID, SYMBOLIC, TAXID)
  VALUES (21, N'LSVDPYERPALTPR', N'[LSVDPYERPALTPR|9606]', N'', 1.0, N'TRUE', 9606.0);

INSERT INTO PRIDEPROT.PEPTIDE (PEPTIDE_ID, SEQUENCE, REPRESENTATION, DESCRIPTION, SCORE_ID, SYMBOLIC, TAXID)
  VALUES (22, N'LKSGIGAVVLPGVSTADISSNK', N'[LKSGIGAVVLPGVSTADISSNK|9606]', N'', 1.0, N'TRUE', 9606.0);

INSERT INTO PRIDEPROT.PEPTIDE (PEPTIDE_ID, SEQUENCE, REPRESENTATION, DESCRIPTION, SCORE_ID, SYMBOLIC, TAXID)
  VALUES (23, N'EIFKPRQLPGSAIWSIK', N'[EIFKPRQLPGSAIWSIK|9606]', N'', 1.0, N'TRUE', 9606.0);

INSERT INTO PRIDEPROT.PEPTIDE (PEPTIDE_ID, SEQUENCE, REPRESENTATION, DESCRIPTION, SCORE_ID, SYMBOLIC, TAXID)
  VALUES (24, N'AGREFPEEDAEQLK', N'[AGREFPEEDAEQLK|9606]', N'', 1.0, N'TRUE', 9606.0);

INSERT INTO PRIDEPROT.PEPTIDE (PEPTIDE_ID, SEQUENCE, REPRESENTATION, DESCRIPTION, SCORE_ID, SYMBOLIC, TAXID)
  VALUES (25, N'ILEPVACVR', N'[ILEPVACVR|9606]', N'', 1.0, N'TRUE', 9606.0);

INSERT INTO PRIDEPROT.PEPTIDE (PEPTIDE_ID, SEQUENCE, REPRESENTATION, DESCRIPTION, SCORE_ID, SYMBOLIC, TAXID)
  VALUES (26, N'MSAHVKR', N'[MSAHVKR|9606]', N'', 1.0, N'TRUE', 9606.0);

INSERT INTO PRIDEPROT.PEPTIDE (PEPTIDE_ID, SEQUENCE, REPRESENTATION, DESCRIPTION, SCORE_ID, SYMBOLIC, TAXID)
  VALUES (27, N'DMLHCNMCK', N'[DMLHCNMCK|9606]', N'', 1.0, N'TRUE', 9606.0);

INSERT INTO PRIDEPROT.PEPTIDE (PEPTIDE_ID, SEQUENCE, REPRESENTATION, DESCRIPTION, SCORE_ID, SYMBOLIC, TAXID)
  VALUES (28, N'LDSDDPSVK', N'[LDSDDPSVK|9606]', N'', 1.0, N'TRUE', 9606.0);

INSERT INTO PRIDEPROT.PEPTIDE (PEPTIDE_ID, SEQUENCE, REPRESENTATION, DESCRIPTION, SCORE_ID, SYMBOLIC, TAXID)
  VALUES (29, N'PRISEGFTRSSMTR', N'[PRISEGFTRSSMTR|9606]', N'', 1.0, N'TRUE', 9606.0);

INSERT INTO PRIDEPROT.PEPTIDE (PEPTIDE_ID, SEQUENCE, REPRESENTATION, DESCRIPTION, SCORE_ID, SYMBOLIC, TAXID)
  VALUES (30, N'MKTEWKSNVYLAR', N'[MKTEWKSNVYLAR|9606]', N'', 1.0, N'TRUE', 9606.0);

-- symbolic peptides for Q08648 and isoforms
INSERT INTO PRIDEPROT.PEPTIDE (PEPTIDE_ID, SEQUENCE, REPRESENTATION, DESCRIPTION, SCORE_ID, SYMBOLIC, TAXID)
  VALUES (31, N'APGQGTNGFQLLRHAVK', N'[APGQGTNGFQLLRHAVK|9606]', N'', 1.0, N'TRUE', 9606.0);

INSERT INTO PRIDEPROT.PEPTIDE (PEPTIDE_ID, SEQUENCE, REPRESENTATION, DESCRIPTION, SCORE_ID, SYMBOLIC, TAXID)
  VALUES (32, N'ARGPSFRICVDFLGPRW', N'[ARGPSFRICVDFLGPRW|9606]', N'', 1.0, N'TRUE', 9606.0);

INSERT INTO PRIDEPROT.PEPTIDE (PEPTIDE_ID, SEQUENCE, REPRESENTATION, DESCRIPTION, SCORE_ID, SYMBOLIC, TAXID)
  VALUES (33, N'EARGPSFRICVDFLGPR', N'[EARGPSFRICVDFLGPR|9606]', N'', 1.0, N'TRUE', 9606.0);

INSERT INTO PRIDEPROT.PEPTIDE (PEPTIDE_ID, SEQUENCE, REPRESENTATION, DESCRIPTION, SCORE_ID, SYMBOLIC, TAXID)
  VALUES (34, N'MQQGICR', N'[MQQGICR|9606]', N'', 1.0, N'TRUE', 9606.0);

-- add a non human peptide for testing
INSERT INTO PRIDEPROT.PEPTIDE (PEPTIDE_ID, SEQUENCE, REPRESENTATION, DESCRIPTION, SCORE_ID, SYMBOLIC, TAXID)
  VALUES (35, N'MQQGICR', N'[MQQGICR|10090]', N'', 1.0, N'TRUE', 10090.0);




-- PRIDEPROT.PEPTIDE TABLE (VARIANTS FOR THE 34 CANONICAL)
INSERT INTO PRIDEPROT.PEPTIDE (PEPTIDE_ID, SEQUENCE, REPRESENTATION, DESCRIPTION, SCORE_ID, SYMBOLIC, TAXID)
  VALUES (45482309, N'PPCEDEIDEFLK', N'[PPCEDEIDEFLK|9606|(3,PMOD:5)]', N'', 1.0, N'FALSE', 9606.0);

INSERT INTO PRIDEPROT.PEPTIDE (PEPTIDE_ID, SEQUENCE, REPRESENTATION, DESCRIPTION, SCORE_ID, SYMBOLIC, TAXID)
  VALUES (45482310, N'PDELKVTVKLK', N'[PDELKVTVKLK|9606|]', N'', 1.0, N'FALSE', 9606.0);

INSERT INTO PRIDEPROT.PEPTIDE (PEPTIDE_ID, SEQUENCE, REPRESENTATION, DESCRIPTION, SCORE_ID, SYMBOLIC, TAXID)
  VALUES (45492524, N'LEETFPAYLQEAFFGK', N'[LEETFPAYLQEAFFGK|9606|]', N'', 1.0, N'FALSE', 9606.0);

INSERT INTO PRIDEPROT.PEPTIDE (PEPTIDE_ID, SEQUENCE, REPRESENTATION, DESCRIPTION, SCORE_ID, SYMBOLIC, TAXID)
  VALUES (45499384, N'HCGATSAGLR', N'[HCGATSAGLR|9606|(2,PMOD:5)]', N'', 1.0, N'FALSE', 9606.0);

INSERT INTO PRIDEPROT.PEPTIDE (PEPTIDE_ID, SEQUENCE, REPRESENTATION, DESCRIPTION, SCORE_ID, SYMBOLIC, TAXID)
  VALUES (45513223, N'SSSLLNQKPEGSICSEDDCTK', N'[SSSLLNQKPEGSICSEDDCTK|9606|(14,PMOD:5)(19,PMOD:5)]', N'', 1.0, N'FALSE', 9606.0);

INSERT INTO PRIDEPROT.PEPTIDE (PEPTIDE_ID, SEQUENCE, REPRESENTATION, DESCRIPTION, SCORE_ID, SYMBOLIC, TAXID)
  VALUES (45520449, N'LEKAETESCPGQEEPK', N'[LEKAETESCPGQEEPK|9606|(9,PMOD:5)]', N'', 1.0, N'FALSE', 9606.0);

INSERT INTO PRIDEPROT.PEPTIDE (PEPTIDE_ID, SEQUENCE, REPRESENTATION, DESCRIPTION, SCORE_ID, SYMBOLIC, TAXID)
  VALUES (45544650, N'DIDDNSNGTYEK', N'[DIDDNSNGTYEK|9606|]', N'', 1.0, N'FALSE', 9606.0);

INSERT INTO PRIDEPROT.PEPTIDE (PEPTIDE_ID, SEQUENCE, REPRESENTATION, DESCRIPTION, SCORE_ID, SYMBOLIC, TAXID)
  VALUES (45544651, N'SLGLSRSPVVSEQTAK', N'[SLGLSRSPVVSEQTAK|9606|]', N'', 1.0, N'FALSE', 9606.0);

INSERT INTO PRIDEPROT.PEPTIDE (PEPTIDE_ID, SEQUENCE, REPRESENTATION, DESCRIPTION, SCORE_ID, SYMBOLIC, TAXID)
  VALUES (45552497, N'WCVWCRHCGATSAGLR', N'[WCVWCRHCGATSAGLR|9606|(2,PMOD:5)(5,PMOD:5)(8,PMOD:5)]', N'', 1.0, N'FALSE', 9606.0);

INSERT INTO PRIDEPROT.PEPTIDE (PEPTIDE_ID, SEQUENCE, REPRESENTATION, DESCRIPTION, SCORE_ID, SYMBOLIC, TAXID)
  VALUES (45560378, N'PTTVDPYSQQPQTPRPSTQTDLFVTPVTNQR', N'[PTTVDPYSQQPQTPRPSTQTDLFVTPVTNQR|9606|]', N'', 1.0, N'FALSE', 9606.0);

INSERT INTO PRIDEPROT.PEPTIDE (PEPTIDE_ID, SEQUENCE, REPRESENTATION, DESCRIPTION, SCORE_ID, SYMBOLIC, TAXID)
  VALUES (45560379, N'VLDNAMNSNVTVVSR', N'[VLDNAMNSNVTVVSR|9606|]', N'', 1.0, N'FALSE', 9606.0);

INSERT INTO PRIDEPROT.PEPTIDE (PEPTIDE_ID, SEQUENCE, REPRESENTATION, DESCRIPTION, SCORE_ID, SYMBOLIC, TAXID)
  VALUES (45560380, N'LPNSDFSQATPNQQTYANSEVDK', N'[LPNSDFSQATPNQQTYANSEVDK|9606|]', N'', 1.0, N'FALSE', 9606.0);

INSERT INTO PRIDEPROT.PEPTIDE (PEPTIDE_ID, SEQUENCE, REPRESENTATION, DESCRIPTION, SCORE_ID, SYMBOLIC, TAXID)
  VALUES (45568184, N'SIKLSSETESSFSSSADISK', N'[SIKLSSETESSFSSSADISK|9606|]', N'', 1.0, N'FALSE', 9606.0);

INSERT INTO PRIDEPROT.PEPTIDE (PEPTIDE_ID, SEQUENCE, REPRESENTATION, DESCRIPTION, SCORE_ID, SYMBOLIC, TAXID)
  VALUES (45575359, N'ITPGFILPWRNQPSNKK', N'[ITPGFILPWRNQPSNKK|9606|]', N'', 1.0, N'FALSE', 9606.0);

INSERT INTO PRIDEPROT.PEPTIDE (PEPTIDE_ID, SEQUENCE, REPRESENTATION, DESCRIPTION, SCORE_ID, SYMBOLIC, TAXID)
  VALUES (45582696, N'QNPAEGLQTLGAQMQGGFGCGNQLPK', N'[QNPAEGLQTLGAQMQGGFGCGNQLPK|9606|(20,PMOD:5)]', N'', 1.0, N'FALSE', 9606.0);

INSERT INTO PRIDEPROT.PEPTIDE (PEPTIDE_ID, SEQUENCE, REPRESENTATION, DESCRIPTION, SCORE_ID, SYMBOLIC, TAXID)
  VALUES (45590402, N'PLSEEQLDGILSPELDKMVTDGAILGK', N'[PLSEEQLDGILSPELDKMVTDGAILGK|9606|]', N'', 1.0, N'FALSE', 9606.0);

INSERT INTO PRIDEPROT.PEPTIDE (PEPTIDE_ID, SEQUENCE, REPRESENTATION, DESCRIPTION, SCORE_ID, SYMBOLIC, TAXID)
  VALUES (45597533, N'APYVQKAR', N'[APYVQKAR|9606|]', N'', 1.0, N'FALSE', 9606.0);

INSERT INTO PRIDEPROT.PEPTIDE (PEPTIDE_ID, SEQUENCE, REPRESENTATION, DESCRIPTION, SCORE_ID, SYMBOLIC, TAXID)
  VALUES (45619484, N'MANGFATTEELAGK', N'[MANGFATTEELAGK|9606|]', N'', 1.0, N'FALSE', 9606.0);

INSERT INTO PRIDEPROT.PEPTIDE (PEPTIDE_ID, SEQUENCE, REPRESENTATION, DESCRIPTION, SCORE_ID, SYMBOLIC, TAXID)
  VALUES (4.5642732E7, N'INPGLEYRQHLLLRGPPPGSANPPR', N'[INPGLEYRQHLLLRGPPPGSANPPR|9606|]', N'', 1.0, N'FALSE', 9606.0);

INSERT INTO PRIDEPROT.PEPTIDE (PEPTIDE_ID, SEQUENCE, REPRESENTATION, DESCRIPTION, SCORE_ID, SYMBOLIC, TAXID)
  VALUES (45650592, N'PVLMPNQDPFLQAAQNRGPALPGPLVR', N'[PVLMPNQDPFLQAAQNRGPALPGPLVR|9606|]', N'', 1.0, N'FALSE', 9606.0);

INSERT INTO PRIDEPROT.PEPTIDE (PEPTIDE_ID, SEQUENCE, REPRESENTATION, DESCRIPTION, SCORE_ID, SYMBOLIC, TAXID)
  VALUES (47681338, N'LSVDPYERPALTPR', N'[LSVDPYERPALTPR|9606|]', N'', 1.0, N'FALSE', 9606.0);

INSERT INTO PRIDEPROT.PEPTIDE (PEPTIDE_ID, SEQUENCE, REPRESENTATION, DESCRIPTION, SCORE_ID, SYMBOLIC, TAXID)
  VALUES (47687212, N'LKSGIGAVVLPGVSTADISSNK', N'[LKSGIGAVVLPGVSTADISSNK|9606|]', N'', 1.0, N'FALSE', 9606.0);

INSERT INTO PRIDEPROT.PEPTIDE (PEPTIDE_ID, SEQUENCE, REPRESENTATION, DESCRIPTION, SCORE_ID, SYMBOLIC, TAXID)
  VALUES (47687213, N'EIFKPRQLPGSAIWSIK', N'[EIFKPRQLPGSAIWSIK|9606|]', N'', 1.0, N'FALSE', 9606.0);

INSERT INTO PRIDEPROT.PEPTIDE (PEPTIDE_ID, SEQUENCE, REPRESENTATION, DESCRIPTION, SCORE_ID, SYMBOLIC, TAXID)
  VALUES (47689691, N'AGREFPEEDAEQLK', N'[AGREFPEEDAEQLK|9606|]', N'', 1.0, N'FALSE', 9606.0);

INSERT INTO PRIDEPROT.PEPTIDE (PEPTIDE_ID, SEQUENCE, REPRESENTATION, DESCRIPTION, SCORE_ID, SYMBOLIC, TAXID)
  VALUES (47729850, N'MSAHVKR', N'[MSAHVKR|9606|]', N'', 1.0, N'FALSE', 9606.0);

INSERT INTO PRIDEPROT.PEPTIDE (PEPTIDE_ID, SEQUENCE, REPRESENTATION, DESCRIPTION, SCORE_ID, SYMBOLIC, TAXID)
  VALUES (56753822, N'DMLHCNMCK', N'[DMLHCNMCK|9606|(2,PMOD:15)(5,PMOD:5)(7,PMOD:15)(8,PMOD:5)]', N'', 1.0, N'FALSE', 9606.0);

INSERT INTO PRIDEPROT.PEPTIDE (PEPTIDE_ID, SEQUENCE, REPRESENTATION, DESCRIPTION, SCORE_ID, SYMBOLIC, TAXID)
  VALUES (57942747, N'LDSDDPSVK', N'[LDSDDPSVK|9606|]', N'', 1.0, N'FALSE', 9606.0);

INSERT INTO PRIDEPROT.PEPTIDE (PEPTIDE_ID, SEQUENCE, REPRESENTATION, DESCRIPTION, SCORE_ID, SYMBOLIC, TAXID)
  VALUES (57948563, N'PRISEGFTRSSMTR', N'[PRISEGFTRSSMTR|9606|]', N'', 1.0, N'FALSE', 9606.0);

INSERT INTO PRIDEPROT.PEPTIDE (PEPTIDE_ID, SEQUENCE, REPRESENTATION, DESCRIPTION, SCORE_ID, SYMBOLIC, TAXID)
  VALUES (57954250, N'MKTEWKSNVYLAR', N'[MKTEWKSNVYLAR|9606|]', N'', 1.0, N'FALSE', 9606.0);

INSERT INTO PRIDEPROT.PEPTIDE (PEPTIDE_ID, SEQUENCE, REPRESENTATION, DESCRIPTION, SCORE_ID, SYMBOLIC, TAXID)
  VALUES (62565953, N'LKSGIGAVVLPGVSTADISSNK', N'[LKSGIGAVVLPGVSTADISSNK|9606|(2,PMOD:32)(19,PMOD:20)(20,PMOD:4)]', N'', 1.0, N'FALSE', 9606.0);

INSERT INTO PRIDEPROT.PEPTIDE (PEPTIDE_ID, SEQUENCE, REPRESENTATION, DESCRIPTION, SCORE_ID, SYMBOLIC, TAXID)
  VALUES (62574179, N'LKSGIGAVVLPGVSTADISSNK', N'[LKSGIGAVVLPGVSTADISSNK|9606|(3,PMOD:4)(19,PMOD:20)(22,PMOD:32)]', N'', 1.0, N'FALSE', 9606.0);

INSERT INTO PRIDEPROT.PEPTIDE (PEPTIDE_ID, SEQUENCE, REPRESENTATION, DESCRIPTION, SCORE_ID, SYMBOLIC, TAXID)
  VALUES (93861219, N'LDSDDPSVK', N'[LDSDDPSVK|9606|(1,PMOD:41)(3,PMOD:4)(7,PMOD:4)(9,PMOD:41)]', N'', 1.0, N'FALSE', 9606.0);

INSERT INTO PRIDEPROT.PEPTIDE (PEPTIDE_ID, SEQUENCE, REPRESENTATION, DESCRIPTION, SCORE_ID, SYMBOLIC, TAXID)
  VALUES (1.09663447E8, N'MKTEWKSNVYLAR', N'[MKTEWKSNVYLAR|9606|(1,PMOD:15)(2,PMOD:37)]', N'', 1.0, N'FALSE', 9606.0);

INSERT INTO PRIDEPROT.PEPTIDE (PEPTIDE_ID, SEQUENCE, REPRESENTATION, DESCRIPTION, SCORE_ID, SYMBOLIC, TAXID)
  VALUES (109663448, N'MKTEWKSNVYLAR', N'[MKTEWKSNVYLAR|9606|(1,PMOD:15)(2,PMOD:37)(6,PMOD:37)]', N'', 1.0, N'FALSE', 9606.0);

INSERT INTO PRIDEPROT.PEPTIDE (PEPTIDE_ID, SEQUENCE, REPRESENTATION, DESCRIPTION, SCORE_ID, SYMBOLIC, TAXID)
  VALUES (1.10281993E8, N'ILEPVACVR', N'[ILEPVACVR|9606|(7,PMOD:5)]', N'', 1.0, N'FALSE', 9606.0);

INSERT INTO PRIDEPROT.PEPTIDE (PEPTIDE_ID, SEQUENCE, REPRESENTATION, DESCRIPTION, SCORE_ID, SYMBOLIC, TAXID)
  VALUES (110282032, N'MANGFATTEELAGK', N'[MANGFATTEELAGK|9606|(1,PMOD:15)]', N'', 1.0, N'FALSE', 9606.0);

INSERT INTO PRIDEPROT.PEPTIDE (PEPTIDE_ID, SEQUENCE, REPRESENTATION, DESCRIPTION, SCORE_ID, SYMBOLIC, TAXID)
  VALUES (1.10282061E8, N'MKTEWKSNVYLAR', N'[MKTEWKSNVYLAR|9606|(6,PMOD:37)]', N'', 1.0, N'FALSE', 9606.0);

INSERT INTO PRIDEPROT.PEPTIDE (PEPTIDE_ID, SEQUENCE, REPRESENTATION, DESCRIPTION, SCORE_ID, SYMBOLIC, TAXID)
  VALUES (110282151, N'MKTEWKSNVYLAR', N'[MKTEWKSNVYLAR|9606|(2,PMOD:37)]', N'', 1.0, N'FALSE', 9606.0);

INSERT INTO PRIDEPROT.PEPTIDE (PEPTIDE_ID, SEQUENCE, REPRESENTATION, DESCRIPTION, SCORE_ID, SYMBOLIC, TAXID)
  VALUES (150282151, N'PPCEDEIDEFLK', N'[PPCEDEIDEFLK|10090|(3,PMOD:5)]', N'', 1.0, N'FALSE', 10090.0);

-- Peptides for case Q08648 and isoforms
INSERT INTO PRIDEPROT.PEPTIDE (PEPTIDE_ID, SEQUENCE, REPRESENTATION, DESCRIPTION, SCORE_ID, SYMBOLIC, TAXID)
  VALUES (111111111, N'APGQGTNGFQLLRHAVK', N'[APGQGTNGFQLLRHAVK|9606|]', N'', 1.0, N'FALSE', 9606.0);

INSERT INTO PRIDEPROT.PEPTIDE (PEPTIDE_ID, SEQUENCE, REPRESENTATION, DESCRIPTION, SCORE_ID, SYMBOLIC, TAXID)
  VALUES (111111112, N'ARGPSFRICVDFLGPRW', N'[ARGPSFRICVDFLGPRW|9606|]', N'', 1.0, N'FALSE', 9606.0);

INSERT INTO PRIDEPROT.PEPTIDE (PEPTIDE_ID, SEQUENCE, REPRESENTATION, DESCRIPTION, SCORE_ID, SYMBOLIC, TAXID)
  VALUES (111111211, N'EARGPSFRICVDFLGPR', N'[EARGPSFRICVDFLGPR|9606|]', N'', 1.0, N'FALSE', 9606.0);

INSERT INTO PRIDEPROT.PEPTIDE (PEPTIDE_ID, SEQUENCE, REPRESENTATION, DESCRIPTION, SCORE_ID, SYMBOLIC, TAXID)
  VALUES (111111311, N'MQQGICR', N'[MQQGICR|9606|(1,PMOD:15)]', N'', 1.0, N'FALSE', 9606.0);

-- add a non human peptide for testing
INSERT INTO PRIDEPROT.PEPTIDE (PEPTIDE_ID, SEQUENCE, REPRESENTATION, DESCRIPTION, SCORE_ID, SYMBOLIC, TAXID)
  VALUES (211111111, N'MQQGICR', N'[MQQGICR|10090|]', N'', 1.0, N'FALSE', 10090.0);

-- ToDo: protein mappings for peptides
-- ToDo: modification mappings for peptides



-- MOD_TABLE
-- PRIDE MODIFICATIONS (DAVID'S MAPPING)
INSERT INTO PRIDEPROT.MOD (MOD_ID, MOD_NAME, BIOLOGICAL_SIGNIFICANT, MONO_DELTA)
  VALUES (N'PMOD:1', N'Acetylation', 'T', 42.010565);

INSERT INTO PRIDEPROT.MOD (MOD_ID, MOD_NAME, BIOLOGICAL_SIGNIFICANT, MONO_DELTA)
  VALUES (N'PMOD:2', N'Amidation', 'T', -0.984016);

INSERT INTO PRIDEPROT.MOD (MOD_ID, MOD_NAME, BIOLOGICAL_SIGNIFICANT, MONO_DELTA)
  VALUES (N'PMOD:3', N'Biotinylation', 'T', 226.077599);

INSERT INTO PRIDEPROT.MOD (MOD_ID, MOD_NAME, BIOLOGICAL_SIGNIFICANT, MONO_DELTA)
  VALUES (N'PMOD:4', N'Phosphorylation', 'T', 79.966331);

INSERT INTO PRIDEPROT.MOD (MOD_ID, MOD_NAME, BIOLOGICAL_SIGNIFICANT, MONO_DELTA)
  VALUES (N'PMOD:5', N'Carbamidomethyl', 'F', 57.021464);

INSERT INTO PRIDEPROT.MOD (MOD_ID, MOD_NAME, BIOLOGICAL_SIGNIFICANT, MONO_DELTA)
  VALUES (N'PMOD:6', N'Carbamylation', 'F', 43.005814);

INSERT INTO PRIDEPROT.MOD (MOD_ID, MOD_NAME, BIOLOGICAL_SIGNIFICANT, MONO_DELTA)
  VALUES (N'PMOD:7', N'Carboxymethyl', 'F', 58.005479);

INSERT INTO PRIDEPROT.MOD (MOD_ID, MOD_NAME, BIOLOGICAL_SIGNIFICANT, MONO_DELTA)
  VALUES (N'PMOD:8', N'Deamidation', 'T', 0.984016);

INSERT INTO PRIDEPROT.MOD (MOD_ID, MOD_NAME, BIOLOGICAL_SIGNIFICANT, MONO_DELTA)
  VALUES (N'PMOD:15', N'Oxidation', 'T', 15.994915);

INSERT INTO PRIDEPROT.MOD (MOD_ID, MOD_NAME, BIOLOGICAL_SIGNIFICANT, MONO_DELTA)
  VALUES (N'PMOD:16', N'Deamination', 'T', -17.026549);

INSERT INTO PRIDEPROT.MOD (MOD_ID, MOD_NAME, BIOLOGICAL_SIGNIFICANT, MONO_DELTA)
  VALUES (N'PMOD:20', N'Monomethylation', 'T', 14.01565);

INSERT INTO PRIDEPROT.MOD (MOD_ID, MOD_NAME, BIOLOGICAL_SIGNIFICANT, MONO_DELTA)
  VALUES (N'PMOD:21', N'Methylthio', 'T', 45.987721);

INSERT INTO PRIDEPROT.MOD (MOD_ID, MOD_NAME, BIOLOGICAL_SIGNIFICANT, MONO_DELTA)
  VALUES (N'PMOD:22', N'Sulfo', 'T', 79.956815);

INSERT INTO PRIDEPROT.MOD (MOD_ID, MOD_NAME, BIOLOGICAL_SIGNIFICANT, MONO_DELTA)
  VALUES (N'PMOD:23', N'Lipoyl', 'T', 188.032957);

INSERT INTO PRIDEPROT.MOD (MOD_ID, MOD_NAME, BIOLOGICAL_SIGNIFICANT, MONO_DELTA)
  VALUES (N'PMOD:24', N'Farnesylation', 'T', 204.187801);

INSERT INTO PRIDEPROT.MOD (MOD_ID, MOD_NAME, BIOLOGICAL_SIGNIFICANT, MONO_DELTA)
  VALUES (N'PMOD:25', N'Myristoylation', 'T', 210.198365);

INSERT INTO PRIDEPROT.MOD (MOD_ID, MOD_NAME, BIOLOGICAL_SIGNIFICANT, MONO_DELTA)
  VALUES (N'PMOD:26', N'Pyridoxal phosphate', 'T', 229.014009);

INSERT INTO PRIDEPROT.MOD (MOD_ID, MOD_NAME, BIOLOGICAL_SIGNIFICANT, MONO_DELTA)
  VALUES (N'PMOD:27', N'Palmitoylation', 'T', 238.229666);

INSERT INTO PRIDEPROT.MOD (MOD_ID, MOD_NAME, BIOLOGICAL_SIGNIFICANT, MONO_DELTA)
  VALUES (N'PMOD:28', N'Geranyl-geranyl', 'T', 272.250401);

INSERT INTO PRIDEPROT.MOD (MOD_ID, MOD_NAME, BIOLOGICAL_SIGNIFICANT, MONO_DELTA)
  VALUES (N'PMOD:29', N'Phosphopantetheine', 'T', 340.085794);

INSERT INTO PRIDEPROT.MOD (MOD_ID, MOD_NAME, BIOLOGICAL_SIGNIFICANT, MONO_DELTA)
  VALUES (N'PMOD:30', N'Flavin adenine dinucleotide', 'T', 783.141485);

INSERT INTO PRIDEPROT.MOD (MOD_ID, MOD_NAME, BIOLOGICAL_SIGNIFICANT, MONO_DELTA)
  VALUES (N'PMOD:32', N'Formylation', 'T', 27.994915);

INSERT INTO PRIDEPROT.MOD (MOD_ID, MOD_NAME, BIOLOGICAL_SIGNIFICANT, MONO_DELTA)
  VALUES (N'PMOD:37', N'13C(6) Silac label', 'F', 6.020129);

INSERT INTO PRIDEPROT.MOD (MOD_ID, MOD_NAME, BIOLOGICAL_SIGNIFICANT, MONO_DELTA)
  VALUES (N'PMOD:39', N'Carboxylation', 'T', 43.989829);

INSERT INTO PRIDEPROT.MOD (MOD_ID, MOD_NAME, BIOLOGICAL_SIGNIFICANT, MONO_DELTA)
  VALUES (N'PMOD:40', N'Dioxidation', 'T', 31.989829);

INSERT INTO PRIDEPROT.MOD (MOD_ID, MOD_NAME, BIOLOGICAL_SIGNIFICANT, MONO_DELTA)
  VALUES (N'PMOD:41', N'iTRAQ4plex', 'F', 144.102062);





-- PEP_MOD
INSERT INTO PRIDEPROT.PEP_MOD (PEPTIDE_ID, MOD_ID, POSITION)
  VALUES (4.5482309E7, N'PMOD:5', 3.0);

INSERT INTO PRIDEPROT.PEP_MOD (PEPTIDE_ID, MOD_ID, POSITION)
  VALUES (4.5499384E7, N'PMOD:5', 2.0);

INSERT INTO PRIDEPROT.PEP_MOD (PEPTIDE_ID, MOD_ID, POSITION)
  VALUES (4.5513223E7, N'PMOD:5', 14.0);

INSERT INTO PRIDEPROT.PEP_MOD (PEPTIDE_ID, MOD_ID, POSITION)
  VALUES (4.5513223E7, N'PMOD:5', 19.0);

INSERT INTO PRIDEPROT.PEP_MOD (PEPTIDE_ID, MOD_ID, POSITION)
  VALUES (4.5520449E7, N'PMOD:5', 9.0);

INSERT INTO PRIDEPROT.PEP_MOD (PEPTIDE_ID, MOD_ID, POSITION)
  VALUES (4.5552497E7, N'PMOD:5', 2.0);

INSERT INTO PRIDEPROT.PEP_MOD (PEPTIDE_ID, MOD_ID, POSITION)
  VALUES (4.5552497E7, N'PMOD:5', 5.0);

INSERT INTO PRIDEPROT.PEP_MOD (PEPTIDE_ID, MOD_ID, POSITION)
  VALUES (4.5552497E7, N'PMOD:5', 8.0);

INSERT INTO PRIDEPROT.PEP_MOD (PEPTIDE_ID, MOD_ID, POSITION)
  VALUES (4.5582696E7, N'PMOD:5', 20.0);

INSERT INTO PRIDEPROT.PEP_MOD (PEPTIDE_ID, MOD_ID, POSITION)
  VALUES (5.6753822E7, N'PMOD:15', 2.0);

INSERT INTO PRIDEPROT.PEP_MOD (PEPTIDE_ID, MOD_ID, POSITION)
  VALUES (5.6753822E7, N'PMOD:5', 5.0);

INSERT INTO PRIDEPROT.PEP_MOD (PEPTIDE_ID, MOD_ID, POSITION)
  VALUES (5.6753822E7, N'PMOD:15', 7.0);

INSERT INTO PRIDEPROT.PEP_MOD (PEPTIDE_ID, MOD_ID, POSITION)
  VALUES (5.6753822E7, N'PMOD:5', 8.0);

INSERT INTO PRIDEPROT.PEP_MOD (PEPTIDE_ID, MOD_ID, POSITION)
  VALUES (6.2565953E7, N'PMOD:32', 2.0);

INSERT INTO PRIDEPROT.PEP_MOD (PEPTIDE_ID, MOD_ID, POSITION)
  VALUES (6.2565953E7, N'PMOD:20', 19.0);

INSERT INTO PRIDEPROT.PEP_MOD (PEPTIDE_ID, MOD_ID, POSITION)
  VALUES (6.2565953E7, N'PMOD:4', 20.0);

INSERT INTO PRIDEPROT.PEP_MOD (PEPTIDE_ID, MOD_ID, POSITION)
  VALUES (6.2574179E7, N'PMOD:4', 3.0);

INSERT INTO PRIDEPROT.PEP_MOD (PEPTIDE_ID, MOD_ID, POSITION)
  VALUES (6.2574179E7, N'PMOD:20', 19.0);

INSERT INTO PRIDEPROT.PEP_MOD (PEPTIDE_ID, MOD_ID, POSITION)
  VALUES (6.2574179E7, N'PMOD:32', 22.0);

INSERT INTO PRIDEPROT.PEP_MOD (PEPTIDE_ID, MOD_ID, POSITION)
  VALUES (9.3861219E7, N'PMOD:41', 9.0);

INSERT INTO PRIDEPROT.PEP_MOD (PEPTIDE_ID, MOD_ID, POSITION)
  VALUES (9.3861219E7, N'PMOD:41', 1.0);

INSERT INTO PRIDEPROT.PEP_MOD (PEPTIDE_ID, MOD_ID, POSITION)
  VALUES (9.3861219E7, N'PMOD:4', 3.0);

INSERT INTO PRIDEPROT.PEP_MOD (PEPTIDE_ID, MOD_ID, POSITION)
  VALUES (9.3861219E7, N'PMOD:4', 7.0);

INSERT INTO PRIDEPROT.PEP_MOD (PEPTIDE_ID, MOD_ID, POSITION)
  VALUES (1.09663447E8, N'PMOD:15', 1.0);

INSERT INTO PRIDEPROT.PEP_MOD (PEPTIDE_ID, MOD_ID, POSITION)
  VALUES (1.09663447E8, N'PMOD:37', 2.0);

INSERT INTO PRIDEPROT.PEP_MOD (PEPTIDE_ID, MOD_ID, POSITION)
  VALUES (1.09663448E8, N'PMOD:15', 1.0);

INSERT INTO PRIDEPROT.PEP_MOD (PEPTIDE_ID, MOD_ID, POSITION)
  VALUES (1.09663448E8, N'PMOD:37', 2.0);

INSERT INTO PRIDEPROT.PEP_MOD (PEPTIDE_ID, MOD_ID, POSITION)
  VALUES (1.09663448E8, N'PMOD:37', 6.0);

INSERT INTO PRIDEPROT.PEP_MOD (PEPTIDE_ID, MOD_ID, POSITION)
  VALUES (1.10281993E8, N'PMOD:5', 7.0);

INSERT INTO PRIDEPROT.PEP_MOD (PEPTIDE_ID, MOD_ID, POSITION)
  VALUES (1.10282032E8, N'PMOD:15', 1.0);

INSERT INTO PRIDEPROT.PEP_MOD (PEPTIDE_ID, MOD_ID, POSITION)
  VALUES (1.10282061E8, N'PMOD:37', 6.0);

INSERT INTO PRIDEPROT.PEP_MOD (PEPTIDE_ID, MOD_ID, POSITION)
  VALUES (1.10282151E8, N'PMOD:37', 2.0);

-- modification mappings for case Q08648
INSERT INTO PRIDEPROT.PEP_MOD (PEPTIDE_ID, MOD_ID, POSITION)
  VALUES (111111311, N'PMOD:15', 1.0);



-- ASSAY
INSERT INTO PRIDEPROT.ASSAY (ASSAY_ACCESSION, PROJECT_ACCESSION, TAXID)
  VALUES (N'13177', N'PRD000269', 9606.0);

INSERT INTO PRIDEPROT.ASSAY (ASSAY_ACCESSION, PROJECT_ACCESSION, TAXID)
  VALUES (N'13179', N'PRD000269', 9606.0);

INSERT INTO PRIDEPROT.ASSAY (ASSAY_ACCESSION, PROJECT_ACCESSION, TAXID)
  VALUES (N'13180', N'PRD000269', 9606.0);

INSERT INTO PRIDEPROT.ASSAY (ASSAY_ACCESSION, PROJECT_ACCESSION, TAXID)
  VALUES (N'13182', N'PRD000269', 9606.0);

INSERT INTO PRIDEPROT.ASSAY (ASSAY_ACCESSION, PROJECT_ACCESSION, TAXID)
  VALUES (N'13183', N'PRD000269', 9606.0);

INSERT INTO PRIDEPROT.ASSAY (ASSAY_ACCESSION, PROJECT_ACCESSION, TAXID)
  VALUES (N'13186', N'PRD000269', 9606.0);

INSERT INTO PRIDEPROT.ASSAY (ASSAY_ACCESSION, PROJECT_ACCESSION, TAXID)
  VALUES (N'13187', N'PRD000269', 9606.0);

INSERT INTO PRIDEPROT.ASSAY (ASSAY_ACCESSION, PROJECT_ACCESSION, TAXID)
  VALUES (N'13188', N'PRD000269', 9606.0);

INSERT INTO PRIDEPROT.ASSAY (ASSAY_ACCESSION, PROJECT_ACCESSION, TAXID)
  VALUES (N'13189', N'PRD000269', 9606.0);

INSERT INTO PRIDEPROT.ASSAY (ASSAY_ACCESSION, PROJECT_ACCESSION, TAXID)
  VALUES (N'13190', N'PRD000269', 9606.0);

INSERT INTO PRIDEPROT.ASSAY (ASSAY_ACCESSION, PROJECT_ACCESSION, TAXID)
  VALUES (N'13191', N'PRD000269', 9606.0);

INSERT INTO PRIDEPROT.ASSAY (ASSAY_ACCESSION, PROJECT_ACCESSION, TAXID)
  VALUES (N'13192', N'PRD000269', 9606.0);

INSERT INTO PRIDEPROT.ASSAY (ASSAY_ACCESSION, PROJECT_ACCESSION, TAXID)
  VALUES (N'13193', N'PRD000269', 9606.0);

INSERT INTO PRIDEPROT.ASSAY (ASSAY_ACCESSION, PROJECT_ACCESSION, TAXID)
  VALUES (N'13195', N'PRD000269', 9606.0);

INSERT INTO PRIDEPROT.ASSAY (ASSAY_ACCESSION, PROJECT_ACCESSION, TAXID)
  VALUES (N'13198', N'PRD000269', 9606.0);

INSERT INTO PRIDEPROT.ASSAY (ASSAY_ACCESSION, PROJECT_ACCESSION, TAXID)
  VALUES (N'13199', N'PRD000269', 9606.0);

INSERT INTO PRIDEPROT.ASSAY (ASSAY_ACCESSION, PROJECT_ACCESSION, TAXID)
  VALUES (N'13200', N'PRD000269', 9606.0);

INSERT INTO PRIDEPROT.ASSAY (ASSAY_ACCESSION, PROJECT_ACCESSION, TAXID)
  VALUES (N'13546', N'PRD000269', 9606.0);

INSERT INTO PRIDEPROT.ASSAY (ASSAY_ACCESSION, PROJECT_ACCESSION, TAXID)
  VALUES (N'13549', N'PRD000269', 9606.0);

INSERT INTO PRIDEPROT.ASSAY (ASSAY_ACCESSION, PROJECT_ACCESSION, TAXID)
  VALUES (N'13550', N'PRD000269', 9606.0);

INSERT INTO PRIDEPROT.ASSAY (ASSAY_ACCESSION, PROJECT_ACCESSION, TAXID)
  VALUES (N'13554', N'PRD000269', 9606.0);

INSERT INTO PRIDEPROT.ASSAY (ASSAY_ACCESSION, PROJECT_ACCESSION, TAXID)
  VALUES (N'13564', N'PRD000269', 9606.0);

INSERT INTO PRIDEPROT.ASSAY (ASSAY_ACCESSION, PROJECT_ACCESSION, TAXID)
  VALUES (N'15916', N'PRD000365', 9606.0);

INSERT INTO PRIDEPROT.ASSAY (ASSAY_ACCESSION, PROJECT_ACCESSION, TAXID)
  VALUES (N'16948', N'PRD000416', 9606.0);

INSERT INTO PRIDEPROT.ASSAY (ASSAY_ACCESSION, PROJECT_ACCESSION, TAXID)
  VALUES (N'16950', N'PRD000416', 9606.0);

INSERT INTO PRIDEPROT.ASSAY (ASSAY_ACCESSION, PROJECT_ACCESSION, TAXID)
  VALUES (N'16953', N'PRD000417', 9606.0);

INSERT INTO PRIDEPROT.ASSAY (ASSAY_ACCESSION, PROJECT_ACCESSION, TAXID)
  VALUES (N'16967', N'PRD000416', 9606.0);

INSERT INTO PRIDEPROT.ASSAY (ASSAY_ACCESSION, PROJECT_ACCESSION, TAXID)
  VALUES (N'17009', N'PRD000417', 9606.0);

INSERT INTO PRIDEPROT.ASSAY (ASSAY_ACCESSION, PROJECT_ACCESSION, TAXID)
  VALUES (N'17013', N'PRD000416', 9606.0);

INSERT INTO PRIDEPROT.ASSAY (ASSAY_ACCESSION, PROJECT_ACCESSION, TAXID)
  VALUES (N'17037', N'PRD000416', 9606.0);

INSERT INTO PRIDEPROT.ASSAY (ASSAY_ACCESSION, PROJECT_ACCESSION, TAXID)
  VALUES (N'17039', N'PRD000416', 9606.0);

INSERT INTO PRIDEPROT.ASSAY (ASSAY_ACCESSION, PROJECT_ACCESSION, TAXID)
  VALUES (N'17044', N'PRD000416', 9606.0);

INSERT INTO PRIDEPROT.ASSAY (ASSAY_ACCESSION, PROJECT_ACCESSION, TAXID)
  VALUES (N'17047', N'PRD000416', 9606.0);

INSERT INTO PRIDEPROT.ASSAY (ASSAY_ACCESSION, PROJECT_ACCESSION, TAXID)
  VALUES (N'17048', N'PRD000417', 9606.0);

INSERT INTO PRIDEPROT.ASSAY (ASSAY_ACCESSION, PROJECT_ACCESSION, TAXID)
  VALUES (N'17674', N'PRD000443', 9606.0);

INSERT INTO PRIDEPROT.ASSAY (ASSAY_ACCESSION, PROJECT_ACCESSION, TAXID)
  VALUES (N'17676', N'PRD000443', 9606.0);

INSERT INTO PRIDEPROT.ASSAY (ASSAY_ACCESSION, PROJECT_ACCESSION, TAXID)
  VALUES (N'17681', N'PRD000443', 9606.0);

INSERT INTO PRIDEPROT.ASSAY (ASSAY_ACCESSION, PROJECT_ACCESSION, TAXID)
  VALUES (N'17683', N'PRD000443', 9606.0);

INSERT INTO PRIDEPROT.ASSAY (ASSAY_ACCESSION, PROJECT_ACCESSION, TAXID)
  VALUES (N'22201', N'PRD000665', 9606.0);

INSERT INTO PRIDEPROT.ASSAY (ASSAY_ACCESSION, PROJECT_ACCESSION, TAXID)
  VALUES (N'26881', N'PXD000004', 9606.0);

INSERT INTO PRIDEPROT.ASSAY (ASSAY_ACCESSION, PROJECT_ACCESSION, TAXID)
  VALUES (N'26882', N'PXD000004', 9606.0);

INSERT INTO PRIDEPROT.ASSAY (ASSAY_ACCESSION, PROJECT_ACCESSION, TAXID)
  VALUES (N'22123', N'PRD000659', 10090.0);


-- PEP_ASSAY_TABLE SYMBOLIC
INSERT INTO PRIDEPROT.PEP_ASSAY (PEPTIDE_ID, ASSAY_ACCESSION)
  VALUES (1.0, N'13177');

INSERT INTO PRIDEPROT.PEP_ASSAY (PEPTIDE_ID, ASSAY_ACCESSION)
  VALUES (1.0, N'13198');

INSERT INTO PRIDEPROT.PEP_ASSAY (PEPTIDE_ID, ASSAY_ACCESSION)
  VALUES (2.0, N'13177');

INSERT INTO PRIDEPROT.PEP_ASSAY (PEPTIDE_ID, ASSAY_ACCESSION)
  VALUES (2.0, N'13190');

INSERT INTO PRIDEPROT.PEP_ASSAY (PEPTIDE_ID, ASSAY_ACCESSION)
  VALUES (2.0, N'17013');

INSERT INTO PRIDEPROT.PEP_ASSAY (PEPTIDE_ID, ASSAY_ACCESSION)
  VALUES (3.0, N'13179');

INSERT INTO PRIDEPROT.PEP_ASSAY (PEPTIDE_ID, ASSAY_ACCESSION)
  VALUES (3.0, N'26881');

INSERT INTO PRIDEPROT.PEP_ASSAY (PEPTIDE_ID, ASSAY_ACCESSION)
  VALUES (4.0, N'13180');

INSERT INTO PRIDEPROT.PEP_ASSAY (PEPTIDE_ID, ASSAY_ACCESSION)
  VALUES (5.0, N'13182');

INSERT INTO PRIDEPROT.PEP_ASSAY (PEPTIDE_ID, ASSAY_ACCESSION)
  VALUES (6.0, N'13183');

INSERT INTO PRIDEPROT.PEP_ASSAY (PEPTIDE_ID, ASSAY_ACCESSION)
  VALUES (6.0, N'16967');

INSERT INTO PRIDEPROT.PEP_ASSAY (PEPTIDE_ID, ASSAY_ACCESSION)
  VALUES (7.0, N'13186');

INSERT INTO PRIDEPROT.PEP_ASSAY (PEPTIDE_ID, ASSAY_ACCESSION)
  VALUES (8.0, N'13186');

INSERT INTO PRIDEPROT.PEP_ASSAY (PEPTIDE_ID, ASSAY_ACCESSION)
  VALUES (9.0, N'13187');

INSERT INTO PRIDEPROT.PEP_ASSAY (PEPTIDE_ID, ASSAY_ACCESSION)
  VALUES (10.0, N'13188');

INSERT INTO PRIDEPROT.PEP_ASSAY (PEPTIDE_ID, ASSAY_ACCESSION)
  VALUES (11.0, N'13188');

INSERT INTO PRIDEPROT.PEP_ASSAY (PEPTIDE_ID, ASSAY_ACCESSION)
  VALUES (11.0, N'13200');

INSERT INTO PRIDEPROT.PEP_ASSAY (PEPTIDE_ID, ASSAY_ACCESSION)
  VALUES (12.0, N'13188');

INSERT INTO PRIDEPROT.PEP_ASSAY (PEPTIDE_ID, ASSAY_ACCESSION)
  VALUES (13.0, N'13189');

INSERT INTO PRIDEPROT.PEP_ASSAY (PEPTIDE_ID, ASSAY_ACCESSION)
  VALUES (14.0, N'13190');

INSERT INTO PRIDEPROT.PEP_ASSAY (PEPTIDE_ID, ASSAY_ACCESSION)
  VALUES (15.0, N'13191');

INSERT INTO PRIDEPROT.PEP_ASSAY (PEPTIDE_ID, ASSAY_ACCESSION)
  VALUES (16.0, N'13192');

INSERT INTO PRIDEPROT.PEP_ASSAY (PEPTIDE_ID, ASSAY_ACCESSION)
  VALUES (17.0, N'13193');

INSERT INTO PRIDEPROT.PEP_ASSAY (PEPTIDE_ID, ASSAY_ACCESSION)
  VALUES (18.0, N'13195');

INSERT INTO PRIDEPROT.PEP_ASSAY (PEPTIDE_ID, ASSAY_ACCESSION)
  VALUES (18.0, N'26882');

INSERT INTO PRIDEPROT.PEP_ASSAY (PEPTIDE_ID, ASSAY_ACCESSION)
  VALUES (19.0, N'13198');

INSERT INTO PRIDEPROT.PEP_ASSAY (PEPTIDE_ID, ASSAY_ACCESSION)
  VALUES (19.0, N'13199');

INSERT INTO PRIDEPROT.PEP_ASSAY (PEPTIDE_ID, ASSAY_ACCESSION)
  VALUES (20.0, N'13199');

INSERT INTO PRIDEPROT.PEP_ASSAY (PEPTIDE_ID, ASSAY_ACCESSION)
  VALUES (21.0, N'13546');

INSERT INTO PRIDEPROT.PEP_ASSAY (PEPTIDE_ID, ASSAY_ACCESSION)
  VALUES (21.0, N'17047');

INSERT INTO PRIDEPROT.PEP_ASSAY (PEPTIDE_ID, ASSAY_ACCESSION)
  VALUES (22.0, N'13549');

INSERT INTO PRIDEPROT.PEP_ASSAY (PEPTIDE_ID, ASSAY_ACCESSION)
  VALUES (22.0, N'17048');

INSERT INTO PRIDEPROT.PEP_ASSAY (PEPTIDE_ID, ASSAY_ACCESSION)
  VALUES (22.0, N'17674');

INSERT INTO PRIDEPROT.PEP_ASSAY (PEPTIDE_ID, ASSAY_ACCESSION)
  VALUES (22.0, N'17676');

INSERT INTO PRIDEPROT.PEP_ASSAY (PEPTIDE_ID, ASSAY_ACCESSION)
  VALUES (22.0, N'17681');

INSERT INTO PRIDEPROT.PEP_ASSAY (PEPTIDE_ID, ASSAY_ACCESSION)
  VALUES (22.0, N'17683');

INSERT INTO PRIDEPROT.PEP_ASSAY (PEPTIDE_ID, ASSAY_ACCESSION)
  VALUES (23.0, N'13549');

INSERT INTO PRIDEPROT.PEP_ASSAY (PEPTIDE_ID, ASSAY_ACCESSION)
  VALUES (23.0, N'17048');

INSERT INTO PRIDEPROT.PEP_ASSAY (PEPTIDE_ID, ASSAY_ACCESSION)
  VALUES (24.0, N'13550');

INSERT INTO PRIDEPROT.PEP_ASSAY (PEPTIDE_ID, ASSAY_ACCESSION)
  VALUES (24.0, N'17037');

INSERT INTO PRIDEPROT.PEP_ASSAY (PEPTIDE_ID, ASSAY_ACCESSION)
  VALUES (25.0, N'13554');

INSERT INTO PRIDEPROT.PEP_ASSAY (PEPTIDE_ID, ASSAY_ACCESSION)
  VALUES (25.0, N'16967');

INSERT INTO PRIDEPROT.PEP_ASSAY (PEPTIDE_ID, ASSAY_ACCESSION)
  VALUES (25.0, N'17039');

INSERT INTO PRIDEPROT.PEP_ASSAY (PEPTIDE_ID, ASSAY_ACCESSION)
  VALUES (25.0, N'26882');

INSERT INTO PRIDEPROT.PEP_ASSAY (PEPTIDE_ID, ASSAY_ACCESSION)
  VALUES (26.0, N'13564');

INSERT INTO PRIDEPROT.PEP_ASSAY (PEPTIDE_ID, ASSAY_ACCESSION)
  VALUES (26.0, N'17044');

INSERT INTO PRIDEPROT.PEP_ASSAY (PEPTIDE_ID, ASSAY_ACCESSION)
  VALUES (27.0, N'15916');

INSERT INTO PRIDEPROT.PEP_ASSAY (PEPTIDE_ID, ASSAY_ACCESSION)
  VALUES (28.0, N'16948');

INSERT INTO PRIDEPROT.PEP_ASSAY (PEPTIDE_ID, ASSAY_ACCESSION)
  VALUES (28.0, N'17009');

INSERT INTO PRIDEPROT.PEP_ASSAY (PEPTIDE_ID, ASSAY_ACCESSION)
  VALUES (28.0, N'22201');

INSERT INTO PRIDEPROT.PEP_ASSAY (PEPTIDE_ID, ASSAY_ACCESSION)
  VALUES (28.0, N'26881');

INSERT INTO PRIDEPROT.PEP_ASSAY (PEPTIDE_ID, ASSAY_ACCESSION)
  VALUES (28.0, N'26882');

INSERT INTO PRIDEPROT.PEP_ASSAY (PEPTIDE_ID, ASSAY_ACCESSION)
  VALUES (29.0, N'16950');

INSERT INTO PRIDEPROT.PEP_ASSAY (PEPTIDE_ID, ASSAY_ACCESSION)
  VALUES (30.0, N'16953');

INSERT INTO PRIDEPROT.PEP_ASSAY (PEPTIDE_ID, ASSAY_ACCESSION)
  VALUES (30.0, N'26881');

INSERT INTO PRIDEPROT.PEP_ASSAY (PEPTIDE_ID, ASSAY_ACCESSION)
  VALUES (30.0, N'26882');

-- link symbolic peptides to assays (case Q08648 and isoforms)
INSERT INTO PRIDEPROT.PEP_ASSAY (PEPTIDE_ID, ASSAY_ACCESSION)
  VALUES (31.0, N'26881');

INSERT INTO PRIDEPROT.PEP_ASSAY (PEPTIDE_ID, ASSAY_ACCESSION)
  VALUES (32.0, N'26881');

INSERT INTO PRIDEPROT.PEP_ASSAY (PEPTIDE_ID, ASSAY_ACCESSION)
  VALUES (33.0, N'26881');

INSERT INTO PRIDEPROT.PEP_ASSAY (PEPTIDE_ID, ASSAY_ACCESSION)
  VALUES (34.0, N'26881');

INSERT INTO PRIDEPROT.PEP_ASSAY (PEPTIDE_ID, ASSAY_ACCESSION)
  VALUES (35.0, N'26881');







--PEP_ASSAY VARIANTS
INSERT INTO PRIDEPROT.PEP_ASSAY (PEPTIDE_ID, ASSAY_ACCESSION)
  VALUES (4.5482309E7, N'13177');

INSERT INTO PRIDEPROT.PEP_ASSAY (PEPTIDE_ID, ASSAY_ACCESSION)
  VALUES (4.548231E7, N'13177');

INSERT INTO PRIDEPROT.PEP_ASSAY (PEPTIDE_ID, ASSAY_ACCESSION)
  VALUES (4.5492524E7, N'13179');

INSERT INTO PRIDEPROT.PEP_ASSAY (PEPTIDE_ID, ASSAY_ACCESSION)
  VALUES (4.5499384E7, N'13180');

INSERT INTO PRIDEPROT.PEP_ASSAY (PEPTIDE_ID, ASSAY_ACCESSION)
  VALUES (4.5513223E7, N'13182');

INSERT INTO PRIDEPROT.PEP_ASSAY (PEPTIDE_ID, ASSAY_ACCESSION)
  VALUES (4.5520449E7, N'13183');

INSERT INTO PRIDEPROT.PEP_ASSAY (PEPTIDE_ID, ASSAY_ACCESSION)
  VALUES (4.554465E7, N'13186');

INSERT INTO PRIDEPROT.PEP_ASSAY (PEPTIDE_ID, ASSAY_ACCESSION)
  VALUES (4.5544651E7, N'13186');

INSERT INTO PRIDEPROT.PEP_ASSAY (PEPTIDE_ID, ASSAY_ACCESSION)
  VALUES (4.5552497E7, N'13187');

INSERT INTO PRIDEPROT.PEP_ASSAY (PEPTIDE_ID, ASSAY_ACCESSION)
  VALUES (4.5560378E7, N'13188');

INSERT INTO PRIDEPROT.PEP_ASSAY (PEPTIDE_ID, ASSAY_ACCESSION)
  VALUES (4.5560379E7, N'13188');

INSERT INTO PRIDEPROT.PEP_ASSAY (PEPTIDE_ID, ASSAY_ACCESSION)
  VALUES (4.556038E7, N'13188');

INSERT INTO PRIDEPROT.PEP_ASSAY (PEPTIDE_ID, ASSAY_ACCESSION)
  VALUES (4.5568184E7, N'13189');

INSERT INTO PRIDEPROT.PEP_ASSAY (PEPTIDE_ID, ASSAY_ACCESSION)
  VALUES (4.548231E7, N'13190');

INSERT INTO PRIDEPROT.PEP_ASSAY (PEPTIDE_ID, ASSAY_ACCESSION)
  VALUES (4.5575359E7, N'13190');

INSERT INTO PRIDEPROT.PEP_ASSAY (PEPTIDE_ID, ASSAY_ACCESSION)
  VALUES (4.5582696E7, N'13191');

INSERT INTO PRIDEPROT.PEP_ASSAY (PEPTIDE_ID, ASSAY_ACCESSION)
  VALUES (4.5590402E7, N'13192');

INSERT INTO PRIDEPROT.PEP_ASSAY (PEPTIDE_ID, ASSAY_ACCESSION)
  VALUES (4.5597533E7, N'13193');

INSERT INTO PRIDEPROT.PEP_ASSAY (PEPTIDE_ID, ASSAY_ACCESSION)
  VALUES (4.5619484E7, N'13195');

INSERT INTO PRIDEPROT.PEP_ASSAY (PEPTIDE_ID, ASSAY_ACCESSION)
  VALUES (4.5482309E7, N'13198');

INSERT INTO PRIDEPROT.PEP_ASSAY (PEPTIDE_ID, ASSAY_ACCESSION)
  VALUES (4.5642732E7, N'13198');

INSERT INTO PRIDEPROT.PEP_ASSAY (PEPTIDE_ID, ASSAY_ACCESSION)
  VALUES (4.5642732E7, N'13199');

INSERT INTO PRIDEPROT.PEP_ASSAY (PEPTIDE_ID, ASSAY_ACCESSION)
  VALUES (4.5650592E7, N'13199');

INSERT INTO PRIDEPROT.PEP_ASSAY (PEPTIDE_ID, ASSAY_ACCESSION)
  VALUES (4.5560379E7, N'13200');

INSERT INTO PRIDEPROT.PEP_ASSAY (PEPTIDE_ID, ASSAY_ACCESSION)
  VALUES (4.7681338E7, N'13546');

INSERT INTO PRIDEPROT.PEP_ASSAY (PEPTIDE_ID, ASSAY_ACCESSION)
  VALUES (4.7687212E7, N'13549');

INSERT INTO PRIDEPROT.PEP_ASSAY (PEPTIDE_ID, ASSAY_ACCESSION)
  VALUES (4.7687213E7, N'13549');

INSERT INTO PRIDEPROT.PEP_ASSAY (PEPTIDE_ID, ASSAY_ACCESSION)
  VALUES (4.7689691E7, N'13550');

INSERT INTO PRIDEPROT.PEP_ASSAY (PEPTIDE_ID, ASSAY_ACCESSION)
  VALUES (4.772985E7, N'13564');

INSERT INTO PRIDEPROT.PEP_ASSAY (PEPTIDE_ID, ASSAY_ACCESSION)
  VALUES (5.6753822E7, N'15916');

INSERT INTO PRIDEPROT.PEP_ASSAY (PEPTIDE_ID, ASSAY_ACCESSION)
  VALUES (5.7942747E7, N'16948');

INSERT INTO PRIDEPROT.PEP_ASSAY (PEPTIDE_ID, ASSAY_ACCESSION)
  VALUES (5.7948563E7, N'16950');

INSERT INTO PRIDEPROT.PEP_ASSAY (PEPTIDE_ID, ASSAY_ACCESSION)
  VALUES (5.795425E7, N'16953');

INSERT INTO PRIDEPROT.PEP_ASSAY (PEPTIDE_ID, ASSAY_ACCESSION)
  VALUES (4.5520449E7, N'16967');

INSERT INTO PRIDEPROT.PEP_ASSAY (PEPTIDE_ID, ASSAY_ACCESSION)
  VALUES (5.7942747E7, N'17009');

INSERT INTO PRIDEPROT.PEP_ASSAY (PEPTIDE_ID, ASSAY_ACCESSION)
  VALUES (4.548231E7, N'17013');

INSERT INTO PRIDEPROT.PEP_ASSAY (PEPTIDE_ID, ASSAY_ACCESSION)
  VALUES (4.7689691E7, N'17037');

INSERT INTO PRIDEPROT.PEP_ASSAY (PEPTIDE_ID, ASSAY_ACCESSION)
  VALUES (4.772985E7, N'17044');

INSERT INTO PRIDEPROT.PEP_ASSAY (PEPTIDE_ID, ASSAY_ACCESSION)
  VALUES (4.7681338E7, N'17047');

INSERT INTO PRIDEPROT.PEP_ASSAY (PEPTIDE_ID, ASSAY_ACCESSION)
  VALUES (4.7681338E7, N'17048');

INSERT INTO PRIDEPROT.PEP_ASSAY (PEPTIDE_ID, ASSAY_ACCESSION)
  VALUES (4.7687213E7, N'17048');

INSERT INTO PRIDEPROT.PEP_ASSAY (PEPTIDE_ID, ASSAY_ACCESSION)
  VALUES (6.2565953E7, N'17674');

INSERT INTO PRIDEPROT.PEP_ASSAY (PEPTIDE_ID, ASSAY_ACCESSION)
  VALUES (6.2574179E7, N'17676');

INSERT INTO PRIDEPROT.PEP_ASSAY (PEPTIDE_ID, ASSAY_ACCESSION)
  VALUES (6.2565953E7, N'17681');

INSERT INTO PRIDEPROT.PEP_ASSAY (PEPTIDE_ID, ASSAY_ACCESSION)
  VALUES (9.3861219E7, N'22201');

INSERT INTO PRIDEPROT.PEP_ASSAY (PEPTIDE_ID, ASSAY_ACCESSION)
  VALUES (5.7954250E7, N'26881');

INSERT INTO PRIDEPROT.PEP_ASSAY (PEPTIDE_ID, ASSAY_ACCESSION)
  VALUES (5.7942747E7, N'26881');

INSERT INTO PRIDEPROT.PEP_ASSAY (PEPTIDE_ID, ASSAY_ACCESSION)
  VALUES (4.5492524E7, N'26881');

INSERT INTO PRIDEPROT.PEP_ASSAY (PEPTIDE_ID, ASSAY_ACCESSION)
  VALUES (1.09663447E8, N'26881');

INSERT INTO PRIDEPROT.PEP_ASSAY (PEPTIDE_ID, ASSAY_ACCESSION)
  VALUES (1.09663448E8, N'26881');

INSERT INTO PRIDEPROT.PEP_ASSAY (PEPTIDE_ID, ASSAY_ACCESSION)
  VALUES (1.10281993E8, N'26882');

INSERT INTO PRIDEPROT.PEP_ASSAY (PEPTIDE_ID, ASSAY_ACCESSION)
  VALUES (1.10282032E8, N'26882');

INSERT INTO PRIDEPROT.PEP_ASSAY (PEPTIDE_ID, ASSAY_ACCESSION)
  VALUES (1.10282061E8, N'26882');

INSERT INTO PRIDEPROT.PEP_ASSAY (PEPTIDE_ID, ASSAY_ACCESSION)
  VALUES (1.10282151E8, N'26882');

INSERT INTO PRIDEPROT.PEP_ASSAY (PEPTIDE_ID, ASSAY_ACCESSION)
  VALUES (5.7942747E7, N'26882');

-- link peptide variants to assays (case Q08648 and isoforms)
INSERT INTO PRIDEPROT.PEP_ASSAY (PEPTIDE_ID, ASSAY_ACCESSION)
  VALUES (111111111, N'26881');

INSERT INTO PRIDEPROT.PEP_ASSAY (PEPTIDE_ID, ASSAY_ACCESSION)
  VALUES (111111112, N'26881');

INSERT INTO PRIDEPROT.PEP_ASSAY (PEPTIDE_ID, ASSAY_ACCESSION)
  VALUES (111111211, N'26881');

INSERT INTO PRIDEPROT.PEP_ASSAY (PEPTIDE_ID, ASSAY_ACCESSION)
  VALUES (111111311, N'26881');

INSERT INTO PRIDEPROT.PEP_ASSAY (PEPTIDE_ID, ASSAY_ACCESSION)
  VALUES (111111311, N'26882');

INSERT INTO PRIDEPROT.PEP_ASSAY (PEPTIDE_ID, ASSAY_ACCESSION)
  VALUES (211111111, N'22123');




--CV_PARAM
-- Cell Types
INSERT INTO PRIDEPROT.CV_PARAM (CV_TERM, CV_NAME, CV_TYPE)
  VALUES ('CL:0000182', 'hepatocyte', 'CELL_TYPE');

INSERT INTO PRIDEPROT.CV_PARAM (CV_TERM, CV_NAME, CV_TYPE)
  VALUES ('CL:0000233', 'platelet', 'CELL_TYPE');

-- Tissues
INSERT INTO PRIDEPROT.CV_PARAM (CV_TERM, CV_NAME, CV_TYPE)
  VALUES ('BTO:0000089', 'blood', 'TISSUE');

INSERT INTO PRIDEPROT.CV_PARAM (CV_TERM, CV_NAME, CV_TYPE)
  VALUES ('BTO:0000131', 'blood plasma', 'TISSUE');

INSERT INTO PRIDEPROT.CV_PARAM (CV_TERM, CV_NAME, CV_TYPE)
  VALUES ('BTO:0000132', 'blood platelet', 'TISSUE');

INSERT INTO PRIDEPROT.CV_PARAM (CV_TERM, CV_NAME, CV_TYPE)
  VALUES ('BTO:0000157', 'aorta thoracica', 'TISSUE');

INSERT INTO PRIDEPROT.CV_PARAM (CV_TERM, CV_NAME, CV_TYPE)
  VALUES ('BTO:0000142', 'brain', 'TISSUE');

INSERT INTO PRIDEPROT.CV_PARAM (CV_TERM, CV_NAME, CV_TYPE)
  VALUES ('BTO:0000759', 'liver', 'TISSUE');



--ASSAY_CV_TABLE
INSERT INTO PRIDEPROT.ASSAY_CV (ASSAY_ACCESSION, CV_TERM)
  VALUES (N'13189', N'BTO:0000157');

INSERT INTO PRIDEPROT.ASSAY_CV (ASSAY_ACCESSION, CV_TERM)
  VALUES (N'13193', N'BTO:0000157');

INSERT INTO PRIDEPROT.ASSAY_CV (ASSAY_ACCESSION, CV_TERM)
  VALUES (N'13200', N'BTO:0000157');

INSERT INTO PRIDEPROT.ASSAY_CV (ASSAY_ACCESSION, CV_TERM)
  VALUES (N'26881', N'BTO:0000142');

INSERT INTO PRIDEPROT.ASSAY_CV (ASSAY_ACCESSION, CV_TERM)
  VALUES (N'13179', N'BTO:0000157');

INSERT INTO PRIDEPROT.ASSAY_CV (ASSAY_ACCESSION, CV_TERM)
  VALUES (N'13182', N'BTO:0000157');

INSERT INTO PRIDEPROT.ASSAY_CV (ASSAY_ACCESSION, CV_TERM)
  VALUES (N'13549', N'BTO:0000157');

INSERT INTO PRIDEPROT.ASSAY_CV (ASSAY_ACCESSION, CV_TERM)
  VALUES (N'13550', N'BTO:0000157');

INSERT INTO PRIDEPROT.ASSAY_CV (ASSAY_ACCESSION, CV_TERM)
  VALUES (N'13564', N'BTO:0000157');

INSERT INTO PRIDEPROT.ASSAY_CV (ASSAY_ACCESSION, CV_TERM)
  VALUES (N'17681', N'CL:0000182');

INSERT INTO PRIDEPROT.ASSAY_CV (ASSAY_ACCESSION, CV_TERM)
  VALUES (N'13183', N'BTO:0000157');

INSERT INTO PRIDEPROT.ASSAY_CV (ASSAY_ACCESSION, CV_TERM)
  VALUES (N'13188', N'BTO:0000157');

INSERT INTO PRIDEPROT.ASSAY_CV (ASSAY_ACCESSION, CV_TERM)
  VALUES (N'13192', N'BTO:0000157');

INSERT INTO PRIDEPROT.ASSAY_CV (ASSAY_ACCESSION, CV_TERM)
  VALUES (N'17676', N'CL:0000182');

INSERT INTO PRIDEPROT.ASSAY_CV (ASSAY_ACCESSION, CV_TERM)
  VALUES (N'26882', N'BTO:0000142');

INSERT INTO PRIDEPROT.ASSAY_CV (ASSAY_ACCESSION, CV_TERM)
  VALUES (N'13180', N'BTO:0000157');

INSERT INTO PRIDEPROT.ASSAY_CV (ASSAY_ACCESSION, CV_TERM)
  VALUES (N'13187', N'BTO:0000157');

INSERT INTO PRIDEPROT.ASSAY_CV (ASSAY_ACCESSION, CV_TERM)
  VALUES (N'13199', N'BTO:0000157');

INSERT INTO PRIDEPROT.ASSAY_CV (ASSAY_ACCESSION, CV_TERM)
  VALUES (N'17674', N'CL:0000182');

INSERT INTO PRIDEPROT.ASSAY_CV (ASSAY_ACCESSION, CV_TERM)
  VALUES (N'13554', N'BTO:0000157');

INSERT INTO PRIDEPROT.ASSAY_CV (ASSAY_ACCESSION, CV_TERM)
  VALUES (N'13186', N'BTO:0000157');

INSERT INTO PRIDEPROT.ASSAY_CV (ASSAY_ACCESSION, CV_TERM)
  VALUES (N'13190', N'BTO:0000157');

INSERT INTO PRIDEPROT.ASSAY_CV (ASSAY_ACCESSION, CV_TERM)
  VALUES (N'13191', N'BTO:0000157');

INSERT INTO PRIDEPROT.ASSAY_CV (ASSAY_ACCESSION, CV_TERM)
  VALUES (N'13195', N'BTO:0000157');

INSERT INTO PRIDEPROT.ASSAY_CV (ASSAY_ACCESSION, CV_TERM)
  VALUES (N'13198', N'BTO:0000157');

INSERT INTO PRIDEPROT.ASSAY_CV (ASSAY_ACCESSION, CV_TERM)
  VALUES (N'13546', N'BTO:0000157');

INSERT INTO PRIDEPROT.ASSAY_CV (ASSAY_ACCESSION, CV_TERM)
  VALUES (N'22201', N'BTO:0000132');

INSERT INTO PRIDEPROT.ASSAY_CV (ASSAY_ACCESSION, CV_TERM)
  VALUES (N'22201', N'CL:0000233');

INSERT INTO PRIDEPROT.ASSAY_CV (ASSAY_ACCESSION, CV_TERM)
  VALUES (N'15916', N'BTO:0000131');

INSERT INTO PRIDEPROT.ASSAY_CV (ASSAY_ACCESSION, CV_TERM)
  VALUES (N'13177', N'BTO:0000157');

INSERT INTO PRIDEPROT.ASSAY_CV (ASSAY_ACCESSION, CV_TERM)
  VALUES (N'17683', N'CL:0000182');


--PEPTIDE_CV
INSERT INTO PRIDEPROT.PEP_CV (PEPTIDE_ID, CV_TERM)
VALUES (4.5513223E7, N'BTO:0000157');

INSERT INTO PRIDEPROT.PEP_CV (PEPTIDE_ID, CV_TERM)
  VALUES (4.556038E7, N'BTO:0000157');

INSERT INTO PRIDEPROT.PEP_CV (PEPTIDE_ID, CV_TERM)
  VALUES (4.5492524E7, N'BTO:0000142');

INSERT INTO PRIDEPROT.PEP_CV (PEPTIDE_ID, CV_TERM)
  VALUES (1.10281993E8, N'BTO:0000142');

INSERT INTO PRIDEPROT.PEP_CV (PEPTIDE_ID, CV_TERM)
  VALUES (4.5619484E7, N'BTO:0000157');

INSERT INTO PRIDEPROT.PEP_CV (PEPTIDE_ID, CV_TERM)
  VALUES (1.09663448E8, N'BTO:0000142');

INSERT INTO PRIDEPROT.PEP_CV (PEPTIDE_ID, CV_TERM)
  VALUES (5.7954250E7, N'BTO:0000142');

INSERT INTO PRIDEPROT.PEP_CV (PEPTIDE_ID, CV_TERM)
  VALUES (4.5492524E7, N'BTO:0000157');

INSERT INTO PRIDEPROT.PEP_CV (PEPTIDE_ID, CV_TERM)
  VALUES (4.5568184E7, N'BTO:0000157');

INSERT INTO PRIDEPROT.PEP_CV (PEPTIDE_ID, CV_TERM)
  VALUES (4.5650592E7, N'BTO:0000157');

INSERT INTO PRIDEPROT.PEP_CV (PEPTIDE_ID, CV_TERM)
  VALUES (4.7687213E7, N'BTO:0000157');

INSERT INTO PRIDEPROT.PEP_CV (PEPTIDE_ID, CV_TERM)
  VALUES (4.772985E7, N'BTO:0000157');

INSERT INTO PRIDEPROT.PEP_CV (PEPTIDE_ID, CV_TERM)
  VALUES (5.7942747E7, N'BTO:0000142');

INSERT INTO PRIDEPROT.PEP_CV (PEPTIDE_ID, CV_TERM)
  VALUES (4.5499384E7, N'BTO:0000157');

INSERT INTO PRIDEPROT.PEP_CV (PEPTIDE_ID, CV_TERM)
  VALUES (4.548231E7, N'BTO:0000157');

INSERT INTO PRIDEPROT.PEP_CV (PEPTIDE_ID, CV_TERM)
  VALUES (4.5642732E7, N'BTO:0000157');

INSERT INTO PRIDEPROT.PEP_CV (PEPTIDE_ID, CV_TERM)
  VALUES (4.7689691E7, N'BTO:0000157');

INSERT INTO PRIDEPROT.PEP_CV (PEPTIDE_ID, CV_TERM)
  VALUES (6.2574179E7, N'CL:0000182');

INSERT INTO PRIDEPROT.PEP_CV (PEPTIDE_ID, CV_TERM)
  VALUES (1.09663447E8, N'BTO:0000142');

INSERT INTO PRIDEPROT.PEP_CV (PEPTIDE_ID, CV_TERM)
  VALUES (4.5582696E7, N'BTO:0000157');

INSERT INTO PRIDEPROT.PEP_CV (PEPTIDE_ID, CV_TERM)
  VALUES (6.2565953E7, N'CL:0000182');

INSERT INTO PRIDEPROT.PEP_CV (PEPTIDE_ID, CV_TERM)
  VALUES (9.3861219E7, N'CL:0000233');

INSERT INTO PRIDEPROT.PEP_CV (PEPTIDE_ID, CV_TERM)
  VALUES (1.10282032E8, N'BTO:0000142');

INSERT INTO PRIDEPROT.PEP_CV (PEPTIDE_ID, CV_TERM)
  VALUES (1.10282061E8, N'BTO:0000142');

INSERT INTO PRIDEPROT.PEP_CV (PEPTIDE_ID, CV_TERM)
  VALUES (4.5544651E7, N'BTO:0000157');

INSERT INTO PRIDEPROT.PEP_CV (PEPTIDE_ID, CV_TERM)
  VALUES (4.5560378E7, N'BTO:0000157');

INSERT INTO PRIDEPROT.PEP_CV (PEPTIDE_ID, CV_TERM)
  VALUES (4.5575359E7, N'BTO:0000157');

INSERT INTO PRIDEPROT.PEP_CV (PEPTIDE_ID, CV_TERM)
  VALUES (4.5590402E7, N'BTO:0000157');

INSERT INTO PRIDEPROT.PEP_CV (PEPTIDE_ID, CV_TERM)
  VALUES (9.3861219E7, N'BTO:0000132');

INSERT INTO PRIDEPROT.PEP_CV (PEPTIDE_ID, CV_TERM)
  VALUES (4.554465E7, N'BTO:0000157');

INSERT INTO PRIDEPROT.PEP_CV (PEPTIDE_ID, CV_TERM)
  VALUES (4.5597533E7, N'BTO:0000157');

INSERT INTO PRIDEPROT.PEP_CV (PEPTIDE_ID, CV_TERM)
  VALUES (4.5560379E7, N'BTO:0000157');

INSERT INTO PRIDEPROT.PEP_CV (PEPTIDE_ID, CV_TERM)
  VALUES (4.7681338E7, N'BTO:0000157');

INSERT INTO PRIDEPROT.PEP_CV (PEPTIDE_ID, CV_TERM)
  VALUES (1.10282151E8, N'BTO:0000142');

INSERT INTO PRIDEPROT.PEP_CV (PEPTIDE_ID, CV_TERM)
  VALUES (4.5482309E7, N'BTO:0000157');

INSERT INTO PRIDEPROT.PEP_CV (PEPTIDE_ID, CV_TERM)
  VALUES (4.5520449E7, N'BTO:0000157');

INSERT INTO PRIDEPROT.PEP_CV (PEPTIDE_ID, CV_TERM)
  VALUES (4.5552497E7, N'BTO:0000157');

INSERT INTO PRIDEPROT.PEP_CV (PEPTIDE_ID, CV_TERM)
  VALUES (4.7687212E7, N'BTO:0000157');

INSERT INTO PRIDEPROT.PEP_CV (PEPTIDE_ID, CV_TERM)
  VALUES (5.6753822E7, N'BTO:0000131');

-- ToDo: link peptides to tissues (for case Q08648)

-- link peptide variances to tissues (for case Q08648)
INSERT INTO PRIDEPROT.PEP_CV (PEPTIDE_ID, CV_TERM)
  VALUES (111111111, N'BTO:0000089'); -- blood

INSERT INTO PRIDEPROT.PEP_CV (PEPTIDE_ID, CV_TERM)
  VALUES (111111211, N'BTO:0000142'); -- brain

INSERT INTO PRIDEPROT.PEP_CV (PEPTIDE_ID, CV_TERM)
  VALUES (111111211, N'BTO:0000759'); -- liver

INSERT INTO PRIDEPROT.PEP_CV (PEPTIDE_ID, CV_TERM)
  VALUES (111111311, N'BTO:0000142');


-- link symbolic peptides to tissues (for case Q08648)
INSERT INTO PRIDEPROT.PEP_CV (PEPTIDE_ID, CV_TERM)
  VALUES (31, N'BTO:0000089'); -- blood

INSERT INTO PRIDEPROT.PEP_CV (PEPTIDE_ID, CV_TERM)
  VALUES (33, N'BTO:0000142'); -- brain

INSERT INTO PRIDEPROT.PEP_CV (PEPTIDE_ID, CV_TERM)
  VALUES (33, N'BTO:0000759'); -- liver

INSERT INTO PRIDEPROT.PEP_CV (PEPTIDE_ID, CV_TERM)
  VALUES (34, N'BTO:0000142');





-- PROTEIN
INSERT INTO  PRIDEPROT.PROTEIN (PROTEIN_ID, SEQUENCE, DESCRIPTION, SCORE_ID, TAXID)
  VALUES (N'X12345', N'DIDDNSNGTYEKPTTVDPYSQQPQTPRPSTQTDLFVTPVTNQRPDELKVTVKLK', N'some kinase string', 1.0, 9606) ;

INSERT INTO  PRIDEPROT.PROTEIN (PROTEIN_ID, SEQUENCE, DESCRIPTION, SCORE_ID, TAXID)
  VALUES (N'X12345-1', N'DIDDNSNGTYEKPTTVDPYSQQPQTPRPSTQTDLFVTPVTNQRPDELKVTVKLK', N'another kinase string for testing', 1.0, 9606);

INSERT INTO  PRIDEPROT.PROTEIN (PROTEIN_ID, SEQUENCE, DESCRIPTION, SCORE_ID, TAXID)
  VALUES (N'X98765', N'DIDDNSNGTYEKPTTVDPYSQQPQTPRPSTQTDLFVTPVTNQRPDELKVTVKLK', N'some random description', 1.0, 10090);

INSERT INTO  PRIDEPROT.PROTEIN (PROTEIN_ID, SEQUENCE, DESCRIPTION, SCORE_ID, TAXID)
  VALUES (N'X98764', N'MRQRLLPSVTSLLLVALLFPGSSQARHVNHSATEALGELRERAPGQGTNGFQLLRHAVKRDLLPPRTPPYQGDVPPGIRNTICRMQQGICRLFFCHSGEKKRDICSDPWNRCCVSNTDEEGKEKPEMDGRSGI', N'some random description', 1.0, 10090);

-- Test Proteins (Q08648)
INSERT INTO  PRIDEPROT.PROTEIN (PROTEIN_ID, SEQUENCE, DESCRIPTION, SCORE_ID, TAXID)
  VALUES (N'Q08648', N'MRQRLLPSVTSLLLVALLFPGSSQARHVNHSATEALGELRERAPGQGTNGFQLLRHAVKRDLLPPRTPPYQVHISHREARGPSFRICVDFLGPRWARGCSTGN', N'HE2 alpha1, Sperm-associated antigen 11B, Human epididymis-specific protein 2', 1.0, 9606);

INSERT INTO  PRIDEPROT.PROTEIN (PROTEIN_ID, SEQUENCE, DESCRIPTION, SCORE_ID, TAXID)
  VALUES (N'Q08648-2', N'MKVFFLFAVLFCLVQTNSVHISHREARGPSFRICVDFLGPRWARGCSTGN', N'HE2, Sperm-associated antigen 11B, Human epididymis-specific protein 2', 1.0, 9606);

INSERT INTO  PRIDEPROT.PROTEIN (PROTEIN_ID, SEQUENCE, DESCRIPTION, SCORE_ID, TAXID)
  VALUES (N'Q08648-3', N'MRQRLLPSVTSLLLVALLFPGSSQARHVNHSATEALGELRERAPGQGTNGFQLLRHAVKRDLLPPRTPPYQEPASDLKVVDCRRSEGFCQEYCNYMETQVGYCSKKKDACCLH', N'HE2C, Sperm-associated antigen 11B, Human epididymis-specific protein 2', 1.0, 9606);

INSERT INTO  PRIDEPROT.PROTEIN (PROTEIN_ID, SEQUENCE, DESCRIPTION, SCORE_ID, TAXID)
  VALUES (N'Q08648-4', N'MRQRLLPSVTSLLLVALLFPGSSQARHVNHSATEALGELRERAPGQGTNGFQLLRHAVKRDLLPPRTPPYQGDVPPGIRNTICRMQQGICRLFFCHSGEKKRDICSDPWNRCCVSNTDEEGKEKPEMDGRSGI', N'HE2 beta1, Sperm-associated antigen 11B, Human epididymis-specific protein 2', 1.0, 9606);

INSERT INTO  PRIDEPROT.PROTEIN (PROTEIN_ID, SEQUENCE, DESCRIPTION, SCORE_ID, TAXID)
  VALUES (N'Q08648-5', N'MKVFFLFAVLFCLVQTNSGDVPPGIRNTICHMQQGICRLFFCHSGEKKRDICSDPWNRCCVSNTDEEGKEKPEMDGRSGI', N'EP2, HE2, Sperm-associated antigen 11B, Human epididymis-specific protein 2', 1.0, 9606);

INSERT INTO  PRIDEPROT.PROTEIN (PROTEIN_ID, SEQUENCE, DESCRIPTION, SCORE_ID, TAXID)
  VALUES (N'Q08648-6', N'MKVFFLFAVLFCLVQTNSGDVPPGIRNTICHMQQGICRLFFCHSGEKKRDICSDPWNRCCVSNTDEEGKEKPMQQGICREMDGRSGI', N'EP2, HE2, Sperm-associated antigen 11B, Human epididymis-specific protein 3', 1.0, 9606);

--PEP_PROT
--VARIANTS AND CORRESPONDING SYMBOLIC
INSERT INTO PRIDEPROT.PEP_PROT (PROTEIN_ID, PEPTIDE_ID, START_POSITION, SCORE_ID)
  VALUES (N'X12345',4.554465E7,1,1);

INSERT INTO PRIDEPROT.PEP_PROT (PROTEIN_ID, PEPTIDE_ID, START_POSITION, SCORE_ID)
  VALUES (N'X12345',4.5560378E7,1,1);

INSERT INTO PRIDEPROT.PEP_PROT (PROTEIN_ID, PEPTIDE_ID, START_POSITION, SCORE_ID)
  VALUES (N'X12345',4.548231E7,1,1);

INSERT INTO PRIDEPROT.PEP_PROT (PROTEIN_ID, PEPTIDE_ID, START_POSITION, SCORE_ID)
  VALUES (N'X12345',7,1,1);

INSERT INTO PRIDEPROT.PEP_PROT (PROTEIN_ID, PEPTIDE_ID, START_POSITION, SCORE_ID)
  VALUES (N'X12345',10,1,1);

INSERT INTO PRIDEPROT.PEP_PROT (PROTEIN_ID, PEPTIDE_ID, START_POSITION, SCORE_ID)
  VALUES (N'X12345',2,1,1);

-- map peptides to proteins (case Q08648 and isoforms)
INSERT INTO PRIDEPROT.PEP_PROT (PROTEIN_ID, PEPTIDE_ID, START_POSITION, SCORE_ID)
  VALUES (N'Q08648',31,43,1);

INSERT INTO PRIDEPROT.PEP_PROT (PROTEIN_ID, PEPTIDE_ID, START_POSITION, SCORE_ID)
  VALUES (N'Q08648',32,79,1);

INSERT INTO PRIDEPROT.PEP_PROT (PROTEIN_ID, PEPTIDE_ID, START_POSITION, SCORE_ID)
  VALUES (N'Q08648-2',33,25,1);

INSERT INTO PRIDEPROT.PEP_PROT (PROTEIN_ID, PEPTIDE_ID, START_POSITION, SCORE_ID)
  VALUES (N'Q08648-3',31,43,1);

INSERT INTO PRIDEPROT.PEP_PROT (PROTEIN_ID, PEPTIDE_ID, START_POSITION, SCORE_ID)
  VALUES (N'Q08648-4',31,43,1);

INSERT INTO PRIDEPROT.PEP_PROT (PROTEIN_ID, PEPTIDE_ID, START_POSITION, SCORE_ID)
  VALUES (N'Q08648-4',34,85,1);

INSERT INTO PRIDEPROT.PEP_PROT (PROTEIN_ID, PEPTIDE_ID, START_POSITION, SCORE_ID)
  VALUES (N'Q08648-5',34,32,1);

INSERT INTO PRIDEPROT.PEP_PROT (PROTEIN_ID, PEPTIDE_ID, START_POSITION, SCORE_ID)
  VALUES (N'Q08648-6',34,32,1);
INSERT INTO PRIDEPROT.PEP_PROT (PROTEIN_ID, PEPTIDE_ID, START_POSITION, SCORE_ID)
  VALUES (N'Q08648-6',34,73,1);


-- non human peptide for testing
INSERT INTO PRIDEPROT.PEP_PROT (PROTEIN_ID, PEPTIDE_ID, START_POSITION, SCORE_ID)
  VALUES (N'X98764',35,85,1);




-- PROT_MOD

INSERT INTO PRIDEPROT.PROT_MOD (MOD_ID, PROTEIN_ID, POSITION)
  VALUES (N'PMOD:15',N'Q08648-4',85);

INSERT INTO PRIDEPROT.PROT_MOD (MOD_ID, PROTEIN_ID, POSITION)
  VALUES (N'PMOD:15',N'Q08648-5',32);



-- PROTEIN_GROUP
INSERT INTO PRIDEPROT.PROT_GROUP (PROT_GROUP_ID, PROT_GROUP_TYPE, DESCRIPTION, TAXID)
  VALUES (N'X12345','ENTRY','Isoforms for protein X12345',9606);

INSERT INTO PRIDEPROT.PROT_GROUP (PROT_GROUP_ID, PROT_GROUP_TYPE, DESCRIPTION, TAXID)
  VALUES (N'X98765','ENTRY','Isoforms for protein X98765',10090);

-- Protein group test case for Q08648
INSERT INTO PRIDEPROT.PROT_GROUP (PROT_GROUP_ID, PROT_GROUP_TYPE, DESCRIPTION, TAXID)
  VALUES (N'Q08648','ENTRY','Isoforms for the protein Q08648',9606);




-- PROTEIN_PROTEIN_GROUP
INSERT INTO PRIDEPROT.PROT_PGRP (PROTEIN_ID, PROT_GROUP_ID)
  VALUES ('X12345',N'X12345');

INSERT INTO PRIDEPROT.PROT_PGRP (PROTEIN_ID, PROT_GROUP_ID)
  VALUES ('X12345-1',N'X12345');

INSERT INTO PRIDEPROT.PROT_PGRP (PROTEIN_ID, PROT_GROUP_ID)
  VALUES ('X98765',N'X98765');

-- Proteins for test protein group for Q08648
INSERT INTO PRIDEPROT.PROT_PGRP (PROTEIN_ID, PROT_GROUP_ID)
  VALUES ('Q08648',N'Q08648');

INSERT INTO PRIDEPROT.PROT_PGRP (PROTEIN_ID, PROT_GROUP_ID)
  VALUES ('Q08648-2',N'Q08648');

INSERT INTO PRIDEPROT.PROT_PGRP (PROTEIN_ID, PROT_GROUP_ID)
  VALUES ('Q08648-3',N'Q08648');

INSERT INTO PRIDEPROT.PROT_PGRP (PROTEIN_ID, PROT_GROUP_ID)
  VALUES ('Q08648-4',N'Q08648');

INSERT INTO PRIDEPROT.PROT_PGRP (PROTEIN_ID, PROT_GROUP_ID)
  VALUES ('Q08648-5',N'Q08648');

INSERT INTO PRIDEPROT.PROT_PGRP (PROTEIN_ID, PROT_GROUP_ID)
  VALUES ('Q08648-6',N'Q08648');



-- -- GENE
-- INSERT INTO PRIDEPROT.GENE (GENE_ACCESSION, DESCRIPTION, TAXID)
-- VALUES ('1', 'Proteins for the same gene',9606);
--
-- -- Gene test case for Q08648
-- INSERT INTO PRIDEPROT.GENE (GENE_ACCESSION, DESCRIPTION, TAXID)
-- VALUES ('2', 'Proteins for the gene SPAG11B',9606);



-- --PROTEIN_GENE
-- INSERT INTO PRIDEPROT.PROTEIN_GENE (PROTEIN_ID, GENE_ID_ID)
--   VALUES ('X12345',1);
--
-- INSERT INTO PRIDEPROT.PROTEIN_GENE (PROTEIN_ID, GENE_ID_ID)
--   VALUES ('X12345-1',1);
--
-- -- Gene group test case Q08648
-- INSERT INTO PRIDEPROT.PROTEIN_GENE (PROTEIN_ID, GENE_ID_ID)
--   VALUES ('Q08648',2);
--
-- INSERT INTO PRIDEPROT.PROTEIN_GENE (PROTEIN_ID, GENE_ID_ID)
--   VALUES ('Q08648-2',2);
--
-- INSERT INTO PRIDEPROT.PROTEIN_GENE (PROTEIN_ID, GENE_ID_ID)
--   VALUES ('Q08648-3',2);
--
-- INSERT INTO PRIDEPROT.PROTEIN_GENE (PROTEIN_ID, GENE_ID_ID)
--   VALUES ('Q08648-4',2);
--
-- INSERT INTO PRIDEPROT.PROTEIN_GENE (PROTEIN_ID, GENE_ID_ID)
--   VALUES ('Q08648-5',2);



-- -- GENE_PGRP
-- INSERT INTO PRIDEPROT.GENE_PGRP (PROT_GROUP_ID, GENE_ID_ID)
--   VALUES (N'X12345','1');
